Workbook

Sheet Instrucciones
B1: PLAN MAESTRO DE MANTENIMIENTO Y CALIBRACIÓN — Guía de uso | G1: Código: COP15-F11 Revisión: 03 Fecha de emisión: 15/07/2026
B3: 1. OBJETIVO | C3: Establecer la programación, ejecución y registro de las actividades de mantenimiento preventivo y del plan anual de calibración de los equipos e instrumentos de los laboratorios, asegurando su disponibilidad, confiabilidad y trazabilidad metrológica.
B4: 2. ALCANCE | C4: Aplica a todos los equipos e instrumentos registrados en la hoja EQUIPOS de los laboratorios de Materiales, Emisiones y Calibración.
B5: 3. RESPONSABILIDADES | C5: El responsable de cada laboratorio mantiene actualizado el registro de equipos, actividades e historial. El área de Calibración da seguimiento a los vencimientos indicados por el semáforo y gestiona los servicios con proveedores externos. Todo equipo con calibración vencida debe identificarse como NO OPERABLE hasta su recalibración.
B6: 4. DESARROLLO
B7: 4.1 EQUIPOS | C7: Registrar cada equipo una sola vez: ID, nombre, laboratorio al que pertenece (lista desplegable: Materiales / Emisiones / Calibración), marca, modelo, serie y estatus. La columna '¿Requiere calibración?' se calcula automáticamente a partir de la hoja CALIBRACIÓN.
B8: 4.2 ACTIVIDADES | C8: Definir cada actividad de mantenimiento preventivo: equipo (lista desplegable), descripción, frecuencia y semana de inicio. Con estos datos el Plan Maestro se genera automáticamente.
B9: 4.3 PLAN MAESTRO | C9: Matriz automática de 52 semanas. No se captura manualmente: modificar únicamente el AÑO (celda amarilla). 'P' indica semana planeada; '✓' aparece al registrar la ejecución en HISTORIAL. Las celdas en rojo indican actividades vencidas.
B10: 4.4 HISTORIAL | C10: Registro permanente de los mantenimientos ejecutados: fecha, equipo, actividad, ejecutante y horas. Este registro alimenta el Plan Maestro y el Dashboard, y se conserva entre años.
B11: 4.5 CALIBRACIÓN | C11: Plan anual de calibración por equipo y magnitud. Indica si el instrumento requiere calibración, quién la realiza (proveedor), trazabilidad, última calibración y vencimiento. El semáforo se calcula automáticamente. Al recibir un certificado, actualizar la fecha de última calibración y el número de certificado, y archivar el PDF en las carpetas '0X. Calibraciones' (encriptados) y '02. Calibraciones' (no encriptados).
B12: 4.6 DASHBOARD | C12: Indicadores automáticos de cumplimiento de mantenimiento y estado de calibraciones. No editar.
B14: 5. CÓDIGO DE COLORES
C15: Celda amarilla: dato capturado por el usuario
C16: Celda gris: dato fijo o fórmula automática — no modificar
C17: Verde: calibración vigente / dentro de periodo
C18: Naranja: por vencer (60 días o menos) — programar servicio
C19: Rojo: vencido — identificar el equipo como NO OPERABLE
C20: P: semana con mantenimiento planeado
C21: ✓: mantenimiento realizado (registrado en Historial)

Sheet Equipos
B1: REGISTRO DE EQUIPOS | H1: Código: COP15-F11 Revisión: 03 Fecha de emisión: 15/07/2026
A2: ID | B2: Equipo | C2: Laboratorio | D2: Marca | E2: Modelo | F2: No. Serie | G2: Estatus | H2: ¿Requiere calibración? (auto) | I2: Cal. vencidas (auto) | J2: Notas
A3: E-001 | B3: HVAC | C3: Emisiones | D3: Kimo | E3: Varios (ver Calibración) | F3: 2F150708994 | G3: Activo | H3: =IF($B3="","",IF(COUNTIFS(Calibración!$B$3:$B$152,$B3,Calibración!$I$3:$I$152,"Sí")>0,"Sí","No")) -> Sí | I3: =IF($B3="","",COUNTIFS(Calibración!$B$3:$B$152,$B3,Calibración!$Q$3:$Q$152,"VENCIDO")) -> 2
A4: E-002 | B4: VETS | C4: Emisiones | D4: Vaisala | E4: INDIGO520 | F4: Varios | G4: Activo | H4: =IF($B4="","",IF(COUNTIFS(Calibración!$B$3:$B$152,$B4,Calibración!$I$3:$I$152,"Sí")>0,"Sí","No")) -> Sí | I4: =IF($B4="","",COUNTIFS(Calibración!$B$3:$B$152,$B4,Calibración!$Q$3:$Q$152,"VENCIDO")) -> 6
A5: E-003 | B5: Clean Cham | C5: Emisiones | D5: Shynyei | E5: Varios (ver Calibración) | F5: Varios | G5: Activo | H5: =IF($B5="","",IF(COUNTIFS(Calibración!$B$3:$B$152,$B5,Calibración!$I$3:$I$152,"Sí")>0,"Sí","No")) -> Sí | I5: =IF($B5="","",COUNTIFS(Calibración!$B$3:$B$152,$B5,Calibración!$Q$3:$Q$152,"VENCIDO")) -> 3
A6: E-004 | B6: CFO | C6: Emisiones | D6: Horiba | E6: 5102514973 | F6: 7005035500 | G6: Activo | H6: =IF($B6="","",IF(COUNTIFS(Calibración!$B$3:$B$152,$B6,Calibración!$I$3:$I$152,"Sí")>0,"Sí","No")) -> Sí | I6: =IF($B6="","",COUNTIFS(Calibración!$B$3:$B$152,$B6,Calibración!$Q$3:$Q$152,"VENCIDO")) -> 1
A7: E-005 | B7: CPC-100 | C7: Emisiones | D7: Horiba | E7: CPC-100 | F7: C100152302 | G7: Activo | H7: =IF($B7="","",IF(COUNTIFS(Calibración!$B$3:$B$152,$B7,Calibración!$I$3:$I$152,"Sí")>0,"Sí","No")) -> Sí | I7: =IF($B7="","",COUNTIFS(Calibración!$B$3:$B$152,$B7,Calibración!$Q$3:$Q$152,"VENCIDO")) -> 0
A8: E-006 | B8: Rack | C8: Emisiones | D8: Horiba | E8: Rack con venturi | F8: 69161 | G8: Activo | H8: =IF($B8="","",IF(COUNTIFS(Calibración!$B$3:$B$152,$B8,Calibración!$I$3:$I$152,"Sí")>0,"Sí","No")) -> Sí | I8: =IF($B8="","",COUNTIFS(Calibración!$B$3:$B$152,$B8,Calibración!$Q$3:$Q$152,"VENCIDO")) -> 1
A9: E-007 | B9: Venturi | C9: Emisiones | D9: Horiba | E9: cilindro venturi | F9: 69015 | G9: Activo | H9: =IF($B9="","",IF(COUNTIFS(Calibración!$B$3:$B$152,$B9,Calibración!$I$3:$I$152,"Sí")>0,"Sí","No")) -> Sí | I9: =IF($B9="","",COUNTIFS(Calibración!$B$3:$B$152,$B9,Calibración!$Q$3:$Q$152,"VENCIDO")) -> 1
A10: E-008 | B10: GDC | C10: Emisiones | D10: Horiba | E10: ONE | F10: S2001362117000020 | G10: Activo | H10: =IF($B10="","",IF(COUNTIFS(Calibración!$B$3:$B$152,$B10,Calibración!$I$3:$I$152,"Sí")>0,"Sí","No")) -> Sí | I10: =IF($B10="","",COUNTIFS(Calibración!$B$3:$B$152,$B10,Calibración!$Q$3:$Q$152,"VENCIDO")) -> 0
A11: E-009 | B11: Bubbler | C11: Emisiones | D11: Horiba | E11: Heated Bubler | F11: 8001005048 | G11: Activo | H11: =IF($B11="","",IF(COUNTIFS(Calibración!$B$3:$B$152,$B11,Calibración!$I$3:$I$152,"Sí")>0,"Sí","No")) -> Sí | I11: =IF($B11="","",COUNTIFS(Calibración!$B$3:$B$152,$B11,Calibración!$Q$3:$Q$152,"VENCIDO")) -> 1
A12: E-010 | B12: RMT1-TS | C12: Emisiones | E12: S1-8 | G12: Activo | H12: =IF($B12="","",IF(COUNTIFS(Calibración!$B$3:$B$152,$B12,Calibración!$I$3:$I$152,"Sí")>0,"Sí","No")) -> Sí | I12: =IF($B12="","",COUNTIFS(Calibración!$B$3:$B$152,$B12,Calibración!$Q$3:$Q$152,"VENCIDO")) -> 0
A13: E-011 | B13: Manometer 1 | C13: Emisiones | D13: ManoStar | E13: WO801 | G13: Activo | H13: =IF($B13="","",IF(COUNTIFS(Calibración!$B$3:$B$152,$B13,Calibración!$I$3:$I$152,"Sí")>0,"Sí","No")) -> Sí | I13: =IF($B13="","",COUNTIFS(Calibración!$B$3:$B$152,$B13,Calibración!$Q$3:$Q$152,"VENCIDO")) -> 0
A14: E-012 | B14: Manometer 2 | C14: Emisiones | D14: ManoStar | E14: WO81 | G14: Activo | H14: =IF($B14="","",IF(COUNTIFS(Calibración!$B$3:$B$152,$B14,Calibración!$I$3:$I$152,"Sí")>0,"Sí","No")) -> Sí | I14: =IF($B14="","",COUNTIFS(Calibración!$B$3:$B$152,$B14,Calibración!$Q$3:$Q$152,"VENCIDO")) -> 0
A15: E-013 | B15: Dynamometer | C15: Emisiones | D15: A&G | E15: Varios (ver Calibración) | F15: Varios | G15: Activo | H15: =IF($B15="","",IF(COUNTIFS(Calibración!$B$3:$B$152,$B15,Calibración!$I$3:$I$152,"Sí")>0,"Sí","No")) -> Sí | I15: =IF($B15="","",COUNTIFS(Calibración!$B$3:$B$152,$B15,Calibración!$Q$3:$Q$152,"VENCIDO")) -> 1
A16: E-014 | B16: Laboratorio | C16: Emisiones | D16: FLUKE | E16: Varios (ver Calibración) | F16: Varios | G16: Activo | H16: =IF($B16="","",IF(COUNTIFS(Calibración!$B$3:$B$152,$B16,Calibración!$I$3:$I$152,"Sí")>0,"Sí","No")) -> Sí | I16: =IF($B16="","",COUNTIFS(Calibración!$B$3:$B$152,$B16,Calibración!$Q$3:$Q$152,"VENCIDO")) -> 0
H17: =IF($B17="","",IF(COUNTIFS(Calibración!$B$3:$B$152,$B17,Calibración!$I$3:$I$152,"Sí")>0,"Sí","No")) | I17: =IF($B17="","",COUNTIFS(Calibración!$B$3:$B$152,$B17,Calibración!$Q$3:$Q$152,"VENCIDO"))
H18: =IF($B18="","",IF(COUNTIFS(Calibración!$B$3:$B$152,$B18,Calibración!$I$3:$I$152,"Sí")>0,"Sí","No")) | I18: =IF($B18="","",COUNTIFS(Calibración!$B$3:$B$152,$B18,Calibración!$Q$3:$Q$152,"VENCIDO"))
H19: =IF($B19="","",IF(COUNTIFS(Calibración!$B$3:$B$152,$B19,Calibración!$I$3:$I$152,"Sí")>0,"Sí","No")) | I19: =IF($B19="","",COUNTIFS(Calibración!$B$3:$B$152,$B19,Calibración!$Q$3:$Q$152,"VENCIDO"))
H20: =IF($B20="","",IF(COUNTIFS(Calibración!$B$3:$B$152,$B20,Calibración!$I$3:$I$152,"Sí")>0,"Sí","No")) | I20: =IF($B20="","",COUNTIFS(Calibración!$B$3:$B$152,$B20,Calibración!$Q$3:$Q$152,"VENCIDO"))
H21: =IF($B21="","",IF(COUNTIFS(Calibración!$B$3:$B$152,$B21,Calibración!$I$3:$I$152,"Sí")>0,"Sí","No")) | I21: =IF($B21="","",COUNTIFS(Calibración!$B$3:$B$152,$B21,Calibración!$Q$3:$Q$152,"VENCIDO"))
H22: =IF($B22="","",IF(COUNTIFS(Calibración!$B$3:$B$152,$B22,Calibración!$I$3:$I$152,"Sí")>0,"Sí","No")) | I22: =IF($B22="","",COUNTIFS(Calibración!$B$3:$B$152,$B22,Calibración!$Q$3:$Q$152,"VENCIDO"))
H23: =IF($B23="","",IF(COUNTIFS(Calibración!$B$3:$B$152,$B23,Calibración!$I$3:$I$152,"Sí")>0,"Sí","No")) | I23: =IF($B23="","",COUNTIFS(Calibración!$B$3:$B$152,$B23,Calibración!$Q$3:$Q$152,"VENCIDO"))
H24: =IF($B24="","",IF(COUNTIFS(Calibración!$B$3:$B$152,$B24,Calibración!$I$3:$I$152,"Sí")>0,"Sí","No")) | I24: =IF($B24="","",COUNTIFS(Calibración!$B$3:$B$152,$B24,Calibración!$Q$3:$Q$152,"VENCIDO"))
H25: =IF($B25="","",IF(COUNTIFS(Calibración!$B$3:$B$152,$B25,Calibración!$I$3:$I$152,"Sí")>0,"Sí","No")) | I25: =IF($B25="","",COUNTIFS(Calibración!$B$3:$B$152,$B25,Calibración!$Q$3:$Q$152,"VENCIDO"))
H26: =IF($B26="","",IF(COUNTIFS(Calibración!$B$3:$B$152,$B26,Calibración!$I$3:$I$152,"Sí")>0,"Sí","No")) | I26: =IF($B26="","",COUNTIFS(Calibración!$B$3:$B$152,$B26,Calibración!$Q$3:$Q$152,"VENCIDO"))
H27: =IF($B27="","",IF(COUNTIFS(Calibración!$B$3:$B$152,$B27,Calibración!$I$3:$I$152,"Sí")>0,"Sí","No")) | I27: =IF($B27="","",COUNTIFS(Calibración!$B$3:$B$152,$B27,Calibración!$Q$3:$Q$152,"VENCIDO"))
H28: =IF($B28="","",IF(COUNTIFS(Calibración!$B$3:$B$152,$B28,Calibración!$I$3:$I$152,"Sí")>0,"Sí","No")) | I28: =IF($B28="","",COUNTIFS(Calibración!$B$3:$B$152,$B28,Calibración!$Q$3:$Q$152,"VENCIDO"))
... H202: =IF($B202="","",IF(COUNTIFS(Calibración!$B$3:$B$152,$B202,Calibración!$I$3:$I$152,"Sí")>0,"Sí","No")) | I202: =IF($B202="","",COUNTIFS(Calibración!$B$3:$B$152,$B202,Calibración!$Q$3:$Q$152,"VENCIDO"))

Sheet Actividades
B1: CATÁLOGO DE ACTIVIDADES DE MANTENIMIENTO | D1: Código: COP15-F11 Revisión: 03 Fecha de emisión: 15/07/2026
A2: ID Act. | B2: Equipo | C2: Actividad | D2: Frecuencia | E2: Semana inicio (1-52) | F2: Responsable
A3: A-01 | B3: Dynamometer | C3: Limpieza (soplado) | D3: Mensual | E3: 2 | F3: Técnico
A4: A-02 | B4: HVAC | C4: Inspección general de filtros | D4: Trimestral | E4: 1 | F4: Técnico
A5: A-03 | B5: Clean Cham | C5: Reemplazo (componentes) | D5: Semestral | E5: 26 | F5: General

Sheet Plan Maestro
B1: PLAN MAESTRO DE MANTENIMIENTO | BD1: Código: COP15-F11 Revisión: 03 Fecha de emisión: 15/07/2026
A2: Año: | B2: 2026 | C2: ← única celda editable de esta hoja; la matriz se recalcula sin perder el historial
D3: =TEXT(DATE($B$2,1,1)+(1-1)*7,"[$-C0A]mmm") -> ene | E3: =TEXT(DATE($B$2,1,1)+(2-1)*7,"[$-C0A]mmm") -> ene | F3: =TEXT(DATE($B$2,1,1)+(3-1)*7,"[$-C0A]mmm") -> ene | G3: =TEXT(DATE($B$2,1,1)+(4-1)*7,"[$-C0A]mmm") -> ene | H3: =TEXT(DATE($B$2,1,1)+(5-1)*7,"[$-C0A]mmm") -> ene | I3: =TEXT(DATE($B$2,1,1)+(6-1)*7,"[$-C0A]mmm") -> feb | J3: =TEXT(DATE($B$2,1,1)+(7-1)*7,"[$-C0A]mmm") -> feb | K3: =TEXT(DATE($B$2,1,1)+(8-1)*7,"[$-C0A]mmm") -> feb | L3: =TEXT(DATE($B$2,1,1)+(9-1)*7,"[$-C0A]mmm") -> feb | M3: =TEXT(DATE($B$2,1,1)+(10-1)*7,"[$-C0A]mmm") -> mar | N3: =TEXT(DATE($B$2,1,1)+(11-1)*7,"[$-C0A]mmm") -> mar | O3: =TEXT(DATE($B$2,1,1)+(12-1)*7,"[$-C0A]mmm") -> mar | P3: =TEXT(DATE($B$2,1,1)+(13-1)*7,"[$-C0A]mmm") -> mar | Q3: =TEXT(DATE($B$2,1,1)+(14-1)*7,"[$-C0A]mmm") -> abr | R3: =TEXT(DATE($B$2,1,1)+(15-1)*7,"[$-C0A]mmm") -> abr | S3: =TEXT(DATE($B$2,1,1)+(16-1)*7,"[$-C0A]mmm") -> abr | T3: =TEXT(DATE($B$2,1,1)+(17-1)*7,"[$-C0A]mmm") -> abr | U3: =TEXT(DATE($B$2,1,1)+(18-1)*7,"[$-C0A]mmm") -> abr | V3: =TEXT(DATE($B$2,1,1)+(19-1)*7,"[$-C0A]mmm") -> may | W3: =TEXT(DATE($B$2,1,1)+(20-1)*7,"[$-C0A]mmm") -> may | X3: =TEXT(DATE($B$2,1,1)+(21-1)*7,"[$-C0A]mmm") -> may | Y3: =TEXT(DATE($B$2,1,1)+(22-1)*7,"[$-C0A]mmm") -> may | Z3: =TEXT(DATE($B$2,1,1)+(23-1)*7,"[$-C0A]mmm") -> jun | AA3: =TEXT(DATE($B$2,1,1)+(24-1)*7,"[$-C0A]mmm") -> jun | AB3: =TEXT(DATE($B$2,1,1)+(25-1)*7,"[$-C0A]mmm") -> jun | AC3: =TEXT(DATE($B$2,1,1)+(26-1)*7,"[$-C0A]mmm") -> jun | AD3: =TEXT(DATE($B$2,1,1)+(27-1)*7,"[$-C0A]mmm") -> jul | AE3: =TEXT(DATE($B$2,1,1)+(28-1)*7,"[$-C0A]mmm") -> jul | AF3: =TEXT(DATE($B$2,1,1)+(29-1)*7,"[$-C0A]mmm") -> jul | AG3: =TEXT(DATE($B$2,1,1)+(30-1)*7,"[$-C0A]mmm") -> jul | AH3: =TEXT(DATE($B$2,1,1)+(31-1)*7,"[$-C0A]mmm") -> jul | AI3: =TEXT(DATE($B$2,1,1)+(32-1)*7,"[$-C0A]mmm") -> ago | AJ3: =TEXT(DATE($B$2,1,1)+(33-1)*7,"[$-C0A]mmm") -> ago | AK3: =TEXT(DATE($B$2,1,1)+(34-1)*7,"[$-C0A]mmm") -> ago | AL3: =TEXT(DATE($B$2,1,1)+(35-1)*7,"[$-C0A]mmm") -> ago | AM3: =TEXT(DATE($B$2,1,1)+(36-1)*7,"[$-C0A]mmm") -> sep | AN3: =TEXT(DATE($B$2,1,1)+(37-1)*7,"[$-C0A]mmm") -> sep | AO3: =TEXT(DATE($B$2,1,1)+(38-1)*7,"[$-C0A]mmm") -> sep | AP3: =TEXT(DATE($B$2,1,1)+(39-1)*7,"[$-C0A]mmm") -> sep | AQ3: =TEXT(DATE($B$2,1,1)+(40-1)*7,"[$-C0A]mmm") -> oct | AR3: =TEXT(DATE($B$2,1,1)+(41-1)*7,"[$-C0A]mmm") -> oct | AS3: =TEXT(DATE($B$2,1,1)+(42-1)*7,"[$-C0A]mmm") -> oct | AT3: =TEXT(DATE($B$2,1,1)+(43-1)*7,"[$-C0A]mmm") -> oct | AU3: =TEXT(DATE($B$2,1,1)+(44-1)*7,"[$-C0A]mmm") -> oct | AV3: =TEXT(DATE($B$2,1,1)+(45-1)*7,"[$-C0A]mmm") -> nov | AW3: =TEXT(DATE($B$2,1,1)+(46-1)*7,"[$-C0A]mmm") -> nov | AX3: =TEXT(DATE($B$2,1,1)+(47-1)*7,"[$-C0A]mmm") -> nov | AY3: =TEXT(DATE($B$2,1,1)+(48-1)*7,"[$-C0A]mmm") -> nov | AZ3: =TEXT(DATE($B$2,1,1)+(49-1)*7,"[$-C0A]mmm") -> dic | BA3: =TEXT(DATE($B$2,1,1)+(50-1)*7,"[$-C0A]mmm") -> dic | BB3: =TEXT(DATE($B$2,1,1)+(51-1)*7,"[$-C0A]mmm") -> dic | BC3: =TEXT(DATE($B$2,1,1)+(52-1)*7,"[$-C0A]mmm") -> dic
A4: Equipo | B4: Actividad | C4: Plan/Real | D4: 1 | E4: 2 | F4: 3 | G4: 4 | H4: 5 | I4: 6 | J4: 7 | K4: 8 | L4: 9 | M4: 10 | N4: 11 | O4: 12 | P4: 13 | Q4: 14 | R4: 15 | S4: 16 | T4: 17 | U4: 18 | V4: 19 | W4: 20 | X4: 21 | Y4: 22 | Z4: 23 | AA4: 24 | AB4: 25 | AC4: 26 | AD4: 27 | AE4: 28 | AF4: 29 | AG4: 30 | AH4: 31 | AI4: 32 | AJ4: 33 | AK4: 34 | AL4: 35 | AM4: 36 | AN4: 37 | AO4: 38 | AP4: 39 | AQ4: 40 | AR4: 41 | AS4: 42 | AT4: 43 | AU4: 44 | AV4: 45 | AW4: 46 | AX4: 47 | AY4: 48 | AZ4: 49 | BA4: 50 | BB4: 51 | BC4: 52 | BD4: Plan | BE4: Real | BF4: % Cumpl.
A5: =IF(Actividades!$B3="","",Actividades!$B3) -> Dynamometer | B5: =IF(Actividades!$C3="","",Actividades!$C3) -> Limpieza (soplado) | C5: =IF($A5="","","Plan") -> Plan | D5: =IF($A5="","",IF(AND(N(Actividades!$E3)>0,D$4>=Actividades!$E3,MOD(D$4-Actividades!$E3,IFERROR(VLOOKUP(Actividades!$D3,Listas!$A$2:$B$8,2,0),52))=0),"P","")) | E5: =IF($A5="","",IF(AND(N(Actividades!$E3)>0,E$4>=Actividades!$E3,MOD(E$4-Actividades!$E3,IFERROR(VLOOKUP(Actividades!$D3,Listas!$A$2:$B$8,2,0),52))=0),"P","")) -> P | F5: =IF($A5="","",IF(AND(N(Actividades!$E3)>0,F$4>=Actividades!$E3,MOD(F$4-Actividades!$E3,IFERROR(VLOOKUP(Actividades!$D3,Listas!$A$2:$B$8,2,0),52))=0),"P","")) | G5: =IF($A5="","",IF(AND(N(Actividades!$E3)>0,G$4>=Actividades!$E3,MOD(G$4-Actividades!$E3,IFERROR(VLOOKUP(Actividades!$D3,Listas!$A$2:$B$8,2,0),52))=0),"P","")) | H5: =IF($A5="","",IF(AND(N(Actividades!$E3)>0,H$4>=Actividades!$E3,MOD(H$4-Actividades!$E3,IFERROR(VLOOKUP(Actividades!$D3,Listas!$A$2:$B$8,2,0),52))=0),"P","")) | I5: =IF($A5="","",IF(AND(N(Actividades!$E3)>0,I$4>=Actividades!$E3,MOD(I$4-Actividades!$E3,IFERROR(VLOOKUP(Actividades!$D3,Listas!$A$2:$B$8,2,0),52))=0),"P","")) -> P | J5: =IF($A5="","",IF(AND(N(Actividades!$E3)>0,J$4>=Actividades!$E3,MOD(J$4-Actividades!$E3,IFERROR(VLOOKUP(Actividades!$D3,Listas!$A$2:$B$8,2,0),52))=0),"P","")) | K5: =IF($A5="","",IF(AND(N(Actividades!$E3)>0,K$4>=Actividades!$E3,MOD(K$4-Actividades!$E3,IFERROR(VLOOKUP(Actividades!$D3,Listas!$A$2:$B$8,2,0),52))=0),"P","")) | ... BC5: =IF($A5="","",IF(AND(N(Actividades!$E3)>0,BC$4>=Actividades!$E3,MOD(BC$4-Actividades!$E3,IFERROR(VLOOKUP(Actividades!$D3,Listas!$A$2:$B$8,2,0),52))=0),"P","")) | BD5: =IF($A5="","",COUNTIF(D5:BC5,"P")) -> 13 | BE5: =IF($A5="","",SUMPRODUCT((D5:BC5="P")*(D6:BC6="✓"))) -> 1 | BF5: =IF($A5="","",IF(BD5=0,"",BE5/BD5)) -> 0.076923077
C6: =IF($A5="","","Real") -> Real | D6: =IF($A5="","",IF(COUNTIFS(Historial!$B$3:$B$502,$A5,Historial!$C$3:$C$502,$B5,Historial!$G$3:$G$502,D$4,Historial!$H$3:$H$502,$B$2)>0,"✓","")) | E6: =IF($A5="","",IF(COUNTIFS(Historial!$B$3:$B$502,$A5,Historial!$C$3:$C$502,$B5,Historial!$G$3:$G$502,E$4,Historial!$H$3:$H$502,$B$2)>0,"✓","")) -> ✓ | F6: =IF($A5="","",IF(COUNTIFS(Historial!$B$3:$B$502,$A5,Historial!$C$3:$C$502,$B5,Historial!$G$3:$G$502,F$4,Historial!$H$3:$H$502,$B$2)>0,"✓","")) | G6: =IF($A5="","",IF(COUNTIFS(Historial!$B$3:$B$502,$A5,Historial!$C$3:$C$502,$B5,Historial!$G$3:$G$502,G$4,Historial!$H$3:$H$502,$B$2)>0,"✓","")) | H6: =IF($A5="","",IF(COUNTIFS(Historial!$B$3:$B$502,$A5,Historial!$C$3:$C$502,$B5,Historial!$G$3:$G$502,H$4,Historial!$H$3:$H$502,$B$2)>0,"✓","")) | I6: =IF($A5="","",IF(COUNTIFS(Historial!$B$3:$B$502,$A5,Historial!$C$3:$C$502,$B5,Historial!$G$3:$G$502,I$4,Historial!$H$3:$H$502,$B$2)>0,"✓","")) | J6: =IF($A5="","",IF(COUNTIFS(Historial!$B$3:$B$502,$A5,Historial!$C$3:$C$502,$B5,Historial!$G$3:$G$502,J$4,Historial!$H$3:$H$502,$B$2)>0,"✓","")) | K6: =IF($A5="","",IF(COUNTIFS(Historial!$B$3:$B$502,$A5,Historial!$C$3:$C$502,$B5,Historial!$G$3:$G$502,K$4,Historial!$H$3:$H$502,$B$2)>0,"✓","")) | ... BC6: =IF($A5="","",IF(COUNTIFS(Historial!$B$3:$B$502,$A5,Historial!$C$3:$C$502,$B5,Historial!$G$3:$G$502,BC$4,Historial!$H$3:$H$502,$B$2)>0,"✓",""))
A7: =IF(Actividades!$B4="","",Actividades!$B4) -> HVAC | B7: =IF(Actividades!$C4="","",Actividades!$C4) -> Inspección general de filtros | C7: =IF($A7="","","Plan") -> Plan | D7: =IF($A7="","",IF(AND(N(Actividades!$E4)>0,D$4>=Actividades!$E4,MOD(D$4-Actividades!$E4,IFERROR(VLOOKUP(Actividades!$D4,Listas!$A$2:$B$8,2,0),52))=0),"P","")) -> P | E7: =IF($A7="","",IF(AND(N(Actividades!$E4)>0,E$4>=Actividades!$E4,MOD(E$4-Actividades!$E4,IFERROR(VLOOKUP(Actividades!$D4,Listas!$A$2:$B$8,2,0),52))=0),"P","")) | F7: =IF($A7="","",IF(AND(N(Actividades!$E4)>0,F$4>=Actividades!$E4,MOD(F$4-Actividades!$E4,IFERROR(VLOOKUP(Actividades!$D4,Listas!$A$2:$B$8,2,0),52))=0),"P","")) | G7: =IF($A7="","",IF(AND(N(Actividades!$E4)>0,G$4>=Actividades!$E4,MOD(G$4-Actividades!$E4,IFERROR(VLOOKUP(Actividades!$D4,Listas!$A$2:$B$8,2,0),52))=0),"P","")) | H7: =IF($A7="","",IF(AND(N(Actividades!$E4)>0,H$4>=Actividades!$E4,MOD(H$4-Actividades!$E4,IFERROR(VLOOKUP(Actividades!$D4,Listas!$A$2:$B$8,2,0),52))=0),"P","")) | I7: =IF($A7="","",IF(AND(N(Actividades!$E4)>0,I$4>=Actividades!$E4,MOD(I$4-Actividades!$E4,IFERROR(VLOOKUP(Actividades!$D4,Listas!$A$2:$B$8,2,0),52))=0),"P","")) | J7: =IF($A7="","",IF(AND(N(Actividades!$E4)>0,J$4>=Actividades!$E4,MOD(J$4-Actividades!$E4,IFERROR(VLOOKUP(Actividades!$D4,Listas!$A$2:$B$8,2,0),52))=0),"P","")) | K7: =IF($A7="","",IF(AND(N(Actividades!$E4)>0,K$4>=Actividades!$E4,MOD(K$4-Actividades!$E4,IFERROR(VLOOKUP(Actividades!$D4,Listas!$A$2:$B$8,2,0),52))=0),"P","")) | ... BC7: =IF($A7="","",IF(AND(N(Actividades!$E4)>0,BC$4>=Actividades!$E4,MOD(BC$4-Actividades!$E4,IFERROR(VLOOKUP(Actividades!$D4,Listas!$A$2:$B$8,2,0),52))=0),"P","")) | BD7: =IF($A7="","",COUNTIF(D7:BC7,"P")) -> 4 | BE7: =IF($A7="","",SUMPRODUCT((D7:BC7="P")*(D8:BC8="✓"))) -> 0 | BF7: =IF($A7="","",IF(BD7=0,"",BE7/BD7)) -> 0
C8: =IF($A7="","","Real") -> Real | D8: =IF($A7="","",IF(COUNTIFS(Historial!$B$3:$B$502,$A7,Historial!$C$3:$C$502,$B7,Historial!$G$3:$G$502,D$4,Historial!$H$3:$H$502,$B$2)>0,"✓","")) | E8: =IF($A7="","",IF(COUNTIFS(Historial!$B$3:$B$502,$A7,Historial!$C$3:$C$502,$B7,Historial!$G$3:$G$502,E$4,Historial!$H$3:$H$502,$B$2)>0,"✓","")) | F8: =IF($A7="","",IF(COUNTIFS(Historial!$B$3:$B$502,$A7,Historial!$C$3:$C$502,$B7,Historial!$G$3:$G$502,F$4,Historial!$H$3:$H$502,$B$2)>0,"✓","")) | G8: =IF($A7="","",IF(COUNTIFS(Historial!$B$3:$B$502,$A7,Historial!$C$3:$C$502,$B7,Historial!$G$3:$G$502,G$4,Historial!$H$3:$H$502,$B$2)>0,"✓","")) | H8: =IF($A7="","",IF(COUNTIFS(Historial!$B$3:$B$502,$A7,Historial!$C$3:$C$502,$B7,Historial!$G$3:$G$502,H$4,Historial!$H$3:$H$502,$B$2)>0,"✓","")) | I8: =IF($A7="","",IF(COUNTIFS(Historial!$B$3:$B$502,$A7,Historial!$C$3:$C$502,$B7,Historial!$G$3:$G$502,I$4,Historial!$H$3:$H$502,$B$2)>0,"✓","")) | J8: =IF($A7="","",IF(COUNTIFS(Historial!$B$3:$B$502,$A7,Historial!$C$3:$C$502,$B7,Historial!$G$3:$G$502,J$4,Historial!$H$3:$H$502,$B$2)>0,"✓","")) | K8: =IF($A7="","",IF(COUNTIFS(Historial!$B$3:$B$502,$A7,Historial!$C$3:$C$502,$B7,Historial!$G$3:$G$502,K$4,Historial!$H$3:$H$502,$B$2)>0,"✓","")) | ... BC8: =IF($A7="","",IF(COUNTIFS(Historial!$B$3:$B$502,$A7,Historial!$C$3:$C$502,$B7,Historial!$G$3:$G$502,BC$4,Historial!$H$3:$H$502,$B$2)>0,"✓",""))
A9: =IF(Actividades!$B5="","",Actividades!$B5) -> Clean Cham | B9: =IF(Actividades!$C5="","",Actividades!$C5) -> Reemplazo (componentes) | C9: =IF($A9="","","Plan") -> Plan | D9: =IF($A9="","",IF(AND(N(Actividades!$E5)>0,D$4>=Actividades!$E5,MOD(D$4-Actividades!$E5,IFERROR(VLOOKUP(Actividades!$D5,Listas!$A$2:$B$8,2,0),52))=0),"P","")) | E9: =IF($A9="","",IF(AND(N(Actividades!$E5)>0,E$4>=Actividades!$E5,MOD(E$4-Actividades!$E5,IFERROR(VLOOKUP(Actividades!$D5,Listas!$A$2:$B$8,2,0),52))=0),"P","")) | F9: =IF($A9="","",IF(AND(N(Actividades!$E5)>0,F$4>=Actividades!$E5,MOD(F$4-Actividades!$E5,IFERROR(VLOOKUP(Actividades!$D5,Listas!$A$2:$B$8,2,0),52))=0),"P","")) | G9: =IF($A9="","",IF(AND(N(Actividades!$E5)>0,G$4>=Actividades!$E5,MOD(G$4-Actividades!$E5,IFERROR(VLOOKUP(Actividades!$D5,Listas!$A$2:$B$8,2,0),52))=0),"P","")) | H9: =IF($A9="","",IF(AND(N(Actividades!$E5)>0,H$4>=Actividades!$E5,MOD(H$4-Actividades!$E5,IFERROR(VLOOKUP(Actividades!$D5,Listas!$A$2:$B$8,2,0),52))=0),"P","")) | I9: =IF($A9="","",IF(AND(N(Actividades!$E5)>0,I$4>=Actividades!$E5,MOD(I$4-Actividades!$E5,IFERROR(VLOOKUP(Actividades!$D5,Listas!$A$2:$B$8,2,0),52))=0),"P","")) | J9: =IF($A9="","",IF(AND(N(Actividades!$E5)>0,J$4>=Actividades!$E5,MOD(J$4-Actividades!$E5,IFERROR(VLOOKUP(Actividades!$D5,Listas!$A$2:$B$8,2,0),52))=0),"P","")) | K9: =IF($A9="","",IF(AND(N(Actividades!$E5)>0,K$4>=Actividades!$E5,MOD(K$4-Actividades!$E5,IFERROR(VLOOKUP(Actividades!$D5,Listas!$A$2:$B$8,2,0),52))=0),"P","")) | ... BC9: =IF($A9="","",IF(AND(N(Actividades!$E5)>0,BC$4>=Actividades!$E5,MOD(BC$4-Actividades!$E5,IFERROR(VLOOKUP(Actividades!$D5,Listas!$A$2:$B$8,2,0),52))=0),"P","")) -> P | BD9: =IF($A9="","",COUNTIF(D9:BC9,"P")) -> 2 | BE9: =IF($A9="","",SUMPRODUCT((D9:BC9="P")*(D10:BC10="✓"))) -> 0 | BF9: =IF($A9="","",IF(BD9=0,"",BE9/BD9)) -> 0
C10: =IF($A9="","","Real") -> Real | D10: =IF($A9="","",IF(COUNTIFS(Historial!$B$3:$B$502,$A9,Historial!$C$3:$C$502,$B9,Historial!$G$3:$G$502,D$4,Historial!$H$3:$H$502,$B$2)>0,"✓","")) | E10: =IF($A9="","",IF(COUNTIFS(Historial!$B$3:$B$502,$A9,Historial!$C$3:$C$502,$B9,Historial!$G$3:$G$502,E$4,Historial!$H$3:$H$502,$B$2)>0,"✓","")) | F10: =IF($A9="","",IF(COUNTIFS(Historial!$B$3:$B$502,$A9,Historial!$C$3:$C$502,$B9,Historial!$G$3:$G$502,F$4,Historial!$H$3:$H$502,$B$2)>0,"✓","")) | G10: =IF($A9="","",IF(COUNTIFS(Historial!$B$3:$B$502,$A9,Historial!$C$3:$C$502,$B9,Historial!$G$3:$G$502,G$4,Historial!$H$3:$H$502,$B$2)>0,"✓","")) | H10: =IF($A9="","",IF(COUNTIFS(Historial!$B$3:$B$502,$A9,Historial!$C$3:$C$502,$B9,Historial!$G$3:$G$502,H$4,Historial!$H$3:$H$502,$B$2)>0,"✓","")) | I10: =IF($A9="","",IF(COUNTIFS(Historial!$B$3:$B$502,$A9,Historial!$C$3:$C$502,$B9,Historial!$G$3:$G$502,I$4,Historial!$H$3:$H$502,$B$2)>0,"✓","")) | J10: =IF($A9="","",IF(COUNTIFS(Historial!$B$3:$B$502,$A9,Historial!$C$3:$C$502,$B9,Historial!$G$3:$G$502,J$4,Historial!$H$3:$H$502,$B$2)>0,"✓","")) | K10: =IF($A9="","",IF(COUNTIFS(Historial!$B$3:$B$502,$A9,Historial!$C$3:$C$502,$B9,Historial!$G$3:$G$502,K$4,Historial!$H$3:$H$502,$B$2)>0,"✓","")) | ... BC10: =IF($A9="","",IF(COUNTIFS(Historial!$B$3:$B$502,$A9,Historial!$C$3:$C$502,$B9,Historial!$G$3:$G$502,BC$4,Historial!$H$3:$H$502,$B$2)>0,"✓",""))
A11: =IF(Actividades!$B6="","",Actividades!$B6) | B11: =IF(Actividades!$C6="","",Actividades!$C6) | C11: =IF($A11="","","Plan") | D11: =IF($A11="","",IF(AND(N(Actividades!$E6)>0,D$4>=Actividades!$E6,MOD(D$4-Actividades!$E6,IFERROR(VLOOKUP(Actividades!$D6,Listas!$A$2:$B$8,2,0),52))=0),"P","")) | E11: =IF($A11="","",IF(AND(N(Actividades!$E6)>0,E$4>=Actividades!$E6,MOD(E$4-Actividades!$E6,IFERROR(VLOOKUP(Actividades!$D6,Listas!$A$2:$B$8,2,0),52))=0),"P","")) | F11: =IF($A11="","",IF(AND(N(Actividades!$E6)>0,F$4>=Actividades!$E6,MOD(F$4-Actividades!$E6,IFERROR(VLOOKUP(Actividades!$D6,Listas!$A$2:$B$8,2,0),52))=0),"P","")) | G11: =IF($A11="","",IF(AND(N(Actividades!$E6)>0,G$4>=Actividades!$E6,MOD(G$4-Actividades!$E6,IFERROR(VLOOKUP(Actividades!$D6,Listas!$A$2:$B$8,2,0),52))=0),"P","")) | H11: =IF($A11="","",IF(AND(N(Actividades!$E6)>0,H$4>=Actividades!$E6,MOD(H$4-Actividades!$E6,IFERROR(VLOOKUP(Actividades!$D6,Listas!$A$2:$B$8,2,0),52))=0),"P","")) | I11: =IF($A11="","",IF(AND(N(Actividades!$E6)>0,I$4>=Actividades!$E6,MOD(I$4-Actividades!$E6,IFERROR(VLOOKUP(Actividades!$D6,Listas!$A$2:$B$8,2,0),52))=0),"P","")) | J11: =IF($A11="","",IF(AND(N(Actividades!$E6)>0,J$4>=Actividades!$E6,MOD(J$4-Actividades!$E6,IFERROR(VLOOKUP(Actividades!$D6,Listas!$A$2:$B$8,2,0),52))=0),"P","")) | K11: =IF($A11="","",IF(AND(N(Actividades!$E6)>0,K$4>=Actividades!$E6,MOD(K$4-Actividades!$E6,IFERROR(VLOOKUP(Actividades!$D6,Listas!$A$2:$B$8,2,0),52))=0),"P","")) | ... BC11: =IF($A11="","",IF(AND(N(Actividades!$E6)>0,BC$4>=Actividades!$E6,MOD(BC$4-Actividades!$E6,IFERROR(VLOOKUP(Actividades!$D6,Listas!$A$2:$B$8,2,0),52))=0),"P","")) | BD11: =IF($A11="","",COUNTIF(D11:BC11,"P")) | BE11: =IF($A11="","",SUMPRODUCT((D11:BC11="P")*(D12:BC12="✓"))) | BF11: =IF($A11="","",IF(BD11=0,"",BE11/BD11))
C12: =IF($A11="","","Real") | D12: =IF($A11="","",IF(COUNTIFS(Historial!$B$3:$B$502,$A11,Historial!$C$3:$C$502,$B11,Historial!$G$3:$G$502,D$4,Historial!$H$3:$H$502,$B$2)>0,"✓","")) | E12: =IF($A11="","",IF(COUNTIFS(Historial!$B$3:$B$502,$A11,Historial!$C$3:$C$502,$B11,Historial!$G$3:$G$502,E$4,Historial!$H$3:$H$502,$B$2)>0,"✓","")) | F12: =IF($A11="","",IF(COUNTIFS(Historial!$B$3:$B$502,$A11,Historial!$C$3:$C$502,$B11,Historial!$G$3:$G$502,F$4,Historial!$H$3:$H$502,$B$2)>0,"✓","")) | G12: =IF($A11="","",IF(COUNTIFS(Historial!$B$3:$B$502,$A11,Historial!$C$3:$C$502,$B11,Historial!$G$3:$G$502,G$4,Historial!$H$3:$H$502,$B$2)>0,"✓","")) | H12: =IF($A11="","",IF(COUNTIFS(Historial!$B$3:$B$502,$A11,Historial!$C$3:$C$502,$B11,Historial!$G$3:$G$502,H$4,Historial!$H$3:$H$502,$B$2)>0,"✓","")) | I12: =IF($A11="","",IF(COUNTIFS(Historial!$B$3:$B$502,$A11,Historial!$C$3:$C$502,$B11,Historial!$G$3:$G$502,I$4,Historial!$H$3:$H$502,$B$2)>0,"✓","")) | J12: =IF($A11="","",IF(COUNTIFS(Historial!$B$3:$B$502,$A11,Historial!$C$3:$C$502,$B11,Historial!$G$3:$G$502,J$4,Historial!$H$3:$H$502,$B$2)>0,"✓","")) | K12: =IF($A11="","",IF(COUNTIFS(Historial!$B$3:$B$502,$A11,Historial!$C$3:$C$502,$B11,Historial!$G$3:$G$502,K$4,Historial!$H$3:$H$502,$B$2)>0,"✓","")) | ... BC12: =IF($A11="","",IF(COUNTIFS(Historial!$B$3:$B$502,$A11,Historial!$C$3:$C$502,$B11,Historial!$G$3:$G$502,BC$4,Historial!$H$3:$H$502,$B$2)>0,"✓",""))
A13: =IF(Actividades!$B7="","",Actividades!$B7) | B13: =IF(Actividades!$C7="","",Actividades!$C7) | C13: =IF($A13="","","Plan") | D13: =IF($A13="","",IF(AND(N(Actividades!$E7)>0,D$4>=Actividades!$E7,MOD(D$4-Actividades!$E7,IFERROR(VLOOKUP(Actividades!$D7,Listas!$A$2:$B$8,2,0),52))=0),"P","")) | E13: =IF($A13="","",IF(AND(N(Actividades!$E7)>0,E$4>=Actividades!$E7,MOD(E$4-Actividades!$E7,IFERROR(VLOOKUP(Actividades!$D7,Listas!$A$2:$B$8,2,0),52))=0),"P","")) | F13: =IF($A13="","",IF(AND(N(Actividades!$E7)>0,F$4>=Actividades!$E7,MOD(F$4-Actividades!$E7,IFERROR(VLOOKUP(Actividades!$D7,Listas!$A$2:$B$8,2,0),52))=0),"P","")) | G13: =IF($A13="","",IF(AND(N(Actividades!$E7)>0,G$4>=Actividades!$E7,MOD(G$4-Actividades!$E7,IFERROR(VLOOKUP(Actividades!$D7,Listas!$A$2:$B$8,2,0),52))=0),"P","")) | H13: =IF($A13="","",IF(AND(N(Actividades!$E7)>0,H$4>=Actividades!$E7,MOD(H$4-Actividades!$E7,IFERROR(VLOOKUP(Actividades!$D7,Listas!$A$2:$B$8,2,0),52))=0),"P","")) | I13: =IF($A13="","",IF(AND(N(Actividades!$E7)>0,I$4>=Actividades!$E7,MOD(I$4-Actividades!$E7,IFERROR(VLOOKUP(Actividades!$D7,Listas!$A$2:$B$8,2,0),52))=0),"P","")) | J13: =IF($A13="","",IF(AND(N(Actividades!$E7)>0,J$4>=Actividades!$E7,MOD(J$4-Actividades!$E7,IFERROR(VLOOKUP(Actividades!$D7,Listas!$A$2:$B$8,2,0),52))=0),"P","")) | K13: =IF($A13="","",IF(AND(N(Actividades!$E7)>0,K$4>=Actividades!$E7,MOD(K$4-Actividades!$E7,IFERROR(VLOOKUP(Actividades!$D7,Listas!$A$2:$B$8,2,0),52))=0),"P","")) | ... BC13: =IF($A13="","",IF(AND(N(Actividades!$E7)>0,BC$4>=Actividades!$E7,MOD(BC$4-Actividades!$E7,IFERROR(VLOOKUP(Actividades!$D7,Listas!$A$2:$B$8,2,0),52))=0),"P","")) | BD13: =IF($A13="","",COUNTIF(D13:BC13,"P")) | BE13: =IF($A13="","",SUMPRODUCT((D13:BC13="P")*(D14:BC14="✓"))) | BF13: =IF($A13="","",IF(BD13=0,"",BE13/BD13))
C14: =IF($A13="","","Real") | D14: =IF($A13="","",IF(COUNTIFS(Historial!$B$3:$B$502,$A13,Historial!$C$3:$C$502,$B13,Historial!$G$3:$G$502,D$4,Historial!$H$3:$H$502,$B$2)>0,"✓","")) | E14: =IF($A13="","",IF(COUNTIFS(Historial!$B$3:$B$502,$A13,Historial!$C$3:$C$502,$B13,Historial!$G$3:$G$502,E$4,Historial!$H$3:$H$502,$B$2)>0,"✓","")) | F14: =IF($A13="","",IF(COUNTIFS(Historial!$B$3:$B$502,$A13,Historial!$C$3:$C$502,$B13,Historial!$G$3:$G$502,F$4,Historial!$H$3:$H$502,$B$2)>0,"✓","")) | G14: =IF($A13="","",IF(COUNTIFS(Historial!$B$3:$B$502,$A13,Historial!$C$3:$C$502,$B13,Historial!$G$3:$G$502,G$4,Historial!$H$3:$H$502,$B$2)>0,"✓","")) | H14: =IF($A13="","",IF(COUNTIFS(Historial!$B$3:$B$502,$A13,Historial!$C$3:$C$502,$B13,Historial!$G$3:$G$502,H$4,Historial!$H$3:$H$502,$B$2)>0,"✓","")) | I14: =IF($A13="","",IF(COUNTIFS(Historial!$B$3:$B$502,$A13,Historial!$C$3:$C$502,$B13,Historial!$G$3:$G$502,I$4,Historial!$H$3:$H$502,$B$2)>0,"✓","")) | J14: =IF($A13="","",IF(COUNTIFS(Historial!$B$3:$B$502,$A13,Historial!$C$3:$C$502,$B13,Historial!$G$3:$G$502,J$4,Historial!$H$3:$H$502,$B$2)>0,"✓","")) | K14: =IF($A13="","",IF(COUNTIFS(Historial!$B$3:$B$502,$A13,Historial!$C$3:$C$502,$B13,Historial!$G$3:$G$502,K$4,Historial!$H$3:$H$502,$B$2)>0,"✓","")) | ... BC14: =IF($A13="","",IF(COUNTIFS(Historial!$B$3:$B$502,$A13,Historial!$C$3:$C$502,$B13,Historial!$G$3:$G$502,BC$4,Historial!$H$3:$H$502,$B$2)>0,"✓",""))
A15: =IF(Actividades!$B8="","",Actividades!$B8) | B15: =IF(Actividades!$C8="","",Actividades!$C8) | C15: =IF($A15="","","Plan") | D15: =IF($A15="","",IF(AND(N(Actividades!$E8)>0,D$4>=Actividades!$E8,MOD(D$4-Actividades!$E8,IFERROR(VLOOKUP(Actividades!$D8,Listas!$A$2:$B$8,2,0),52))=0),"P","")) | E15: =IF($A15="","",IF(AND(N(Actividades!$E8)>0,E$4>=Actividades!$E8,MOD(E$4-Actividades!$E8,IFERROR(VLOOKUP(Actividades!$D8,Listas!$A$2:$B$8,2,0),52))=0),"P","")) | F15: =IF($A15="","",IF(AND(N(Actividades!$E8)>0,F$4>=Actividades!$E8,MOD(F$4-Actividades!$E8,IFERROR(VLOOKUP(Actividades!$D8,Listas!$A$2:$B$8,2,0),52))=0),"P","")) | G15: =IF($A15="","",IF(AND(N(Actividades!$E8)>0,G$4>=Actividades!$E8,MOD(G$4-Actividades!$E8,IFERROR(VLOOKUP(Actividades!$D8,Listas!$A$2:$B$8,2,0),52))=0),"P","")) | H15: =IF($A15="","",IF(AND(N(Actividades!$E8)>0,H$4>=Actividades!$E8,MOD(H$4-Actividades!$E8,IFERROR(VLOOKUP(Actividades!$D8,Listas!$A$2:$B$8,2,0),52))=0),"P","")) | I15: =IF($A15="","",IF(AND(N(Actividades!$E8)>0,I$4>=Actividades!$E8,MOD(I$4-Actividades!$E8,IFERROR(VLOOKUP(Actividades!$D8,Listas!$A$2:$B$8,2,0),52))=0),"P","")) | J15: =IF($A15="","",IF(AND(N(Actividades!$E8)>0,J$4>=Actividades!$E8,MOD(J$4-Actividades!$E8,IFERROR(VLOOKUP(Actividades!$D8,Listas!$A$2:$B$8,2,0),52))=0),"P","")) | K15: =IF($A15="","",IF(AND(N(Actividades!$E8)>0,K$4>=Actividades!$E8,MOD(K$4-Actividades!$E8,IFERROR(VLOOKUP(Actividades!$D8,Listas!$A$2:$B$8,2,0),52))=0),"P","")) | ... BC15: =IF($A15="","",IF(AND(N(Actividades!$E8)>0,BC$4>=Actividades!$E8,MOD(BC$4-Actividades!$E8,IFERROR(VLOOKUP(Actividades!$D8,Listas!$A$2:$B$8,2,0),52))=0),"P","")) | BD15: =IF($A15="","",COUNTIF(D15:BC15,"P")) | BE15: =IF($A15="","",SUMPRODUCT((D15:BC15="P")*(D16:BC16="✓"))) | BF15: =IF($A15="","",IF(BD15=0,"",BE15/BD15))
C16: =IF($A15="","","Real") | D16: =IF($A15="","",IF(COUNTIFS(Historial!$B$3:$B$502,$A15,Historial!$C$3:$C$502,$B15,Historial!$G$3:$G$502,D$4,Historial!$H$3:$H$502,$B$2)>0,"✓","")) | E16: =IF($A15="","",IF(COUNTIFS(Historial!$B$3:$B$502,$A15,Historial!$C$3:$C$502,$B15,Historial!$G$3:$G$502,E$4,Historial!$H$3:$H$502,$B$2)>0,"✓","")) | F16: =IF($A15="","",IF(COUNTIFS(Historial!$B$3:$B$502,$A15,Historial!$C$3:$C$502,$B15,Historial!$G$3:$G$502,F$4,Historial!$H$3:$H$502,$B$2)>0,"✓","")) | G16: =IF($A15="","",IF(COUNTIFS(Historial!$B$3:$B$502,$A15,Historial!$C$3:$C$502,$B15,Historial!$G$3:$G$502,G$4,Historial!$H$3:$H$502,$B$2)>0,"✓","")) | H16: =IF($A15="","",IF(COUNTIFS(Historial!$B$3:$B$502,$A15,Historial!$C$3:$C$502,$B15,Historial!$G$3:$G$502,H$4,Historial!$H$3:$H$502,$B$2)>0,"✓","")) | I16: =IF($A15="","",IF(COUNTIFS(Historial!$B$3:$B$502,$A15,Historial!$C$3:$C$502,$B15,Historial!$G$3:$G$502,I$4,Historial!$H$3:$H$502,$B$2)>0,"✓","")) | J16: =IF($A15="","",IF(COUNTIFS(Historial!$B$3:$B$502,$A15,Historial!$C$3:$C$502,$B15,Historial!$G$3:$G$502,J$4,Historial!$H$3:$H$502,$B$2)>0,"✓","")) | K16: =IF($A15="","",IF(COUNTIFS(Historial!$B$3:$B$502,$A15,Historial!$C$3:$C$502,$B15,Historial!$G$3:$G$502,K$4,Historial!$H$3:$H$502,$B$2)>0,"✓","")) | ... BC16: =IF($A15="","",IF(COUNTIFS(Historial!$B$3:$B$502,$A15,Historial!$C$3:$C$502,$B15,Historial!$G$3:$G$502,BC$4,Historial!$H$3:$H$502,$B$2)>0,"✓",""))
A17: =IF(Actividades!$B9="","",Actividades!$B9) | B17: =IF(Actividades!$C9="","",Actividades!$C9) | C17: =IF($A17="","","Plan") | D17: =IF($A17="","",IF(AND(N(Actividades!$E9)>0,D$4>=Actividades!$E9,MOD(D$4-Actividades!$E9,IFERROR(VLOOKUP(Actividades!$D9,Listas!$A$2:$B$8,2,0),52))=0),"P","")) | E17: =IF($A17="","",IF(AND(N(Actividades!$E9)>0,E$4>=Actividades!$E9,MOD(E$4-Actividades!$E9,IFERROR(VLOOKUP(Actividades!$D9,Listas!$A$2:$B$8,2,0),52))=0),"P","")) | F17: =IF($A17="","",IF(AND(N(Actividades!$E9)>0,F$4>=Actividades!$E9,MOD(F$4-Actividades!$E9,IFERROR(VLOOKUP(Actividades!$D9,Listas!$A$2:$B$8,2,0),52))=0),"P","")) | G17: =IF($A17="","",IF(AND(N(Actividades!$E9)>0,G$4>=Actividades!$E9,MOD(G$4-Actividades!$E9,IFERROR(VLOOKUP(Actividades!$D9,Listas!$A$2:$B$8,2,0),52))=0),"P","")) | H17: =IF($A17="","",IF(AND(N(Actividades!$E9)>0,H$4>=Actividades!$E9,MOD(H$4-Actividades!$E9,IFERROR(VLOOKUP(Actividades!$D9,Listas!$A$2:$B$8,2,0),52))=0),"P","")) | I17: =IF($A17="","",IF(AND(N(Actividades!$E9)>0,I$4>=Actividades!$E9,MOD(I$4-Actividades!$E9,IFERROR(VLOOKUP(Actividades!$D9,Listas!$A$2:$B$8,2,0),52))=0),"P","")) | J17: =IF($A17="","",IF(AND(N(Actividades!$E9)>0,J$4>=Actividades!$E9,MOD(J$4-Actividades!$E9,IFERROR(VLOOKUP(Actividades!$D9,Listas!$A$2:$B$8,2,0),52))=0),"P","")) | K17: =IF($A17="","",IF(AND(N(Actividades!$E9)>0,K$4>=Actividades!$E9,MOD(K$4-Actividades!$E9,IFERROR(VLOOKUP(Actividades!$D9,Listas!$A$2:$B$8,2,0),52))=0),"P","")) | ... BC17: =IF($A17="","",IF(AND(N(Actividades!$E9)>0,BC$4>=Actividades!$E9,MOD(BC$4-Actividades!$E9,IFERROR(VLOOKUP(Actividades!$D9,Listas!$A$2:$B$8,2,0),52))=0),"P","")) | BD17: =IF($A17="","",COUNTIF(D17:BC17,"P")) | BE17: =IF($A17="","",SUMPRODUCT((D17:BC17="P")*(D18:BC18="✓"))) | BF17: =IF($A17="","",IF(BD17=0,"",BE17/BD17))
C18: =IF($A17="","","Real") | D18: =IF($A17="","",IF(COUNTIFS(Historial!$B$3:$B$502,$A17,Historial!$C$3:$C$502,$B17,Historial!$G$3:$G$502,D$4,Historial!$H$3:$H$502,$B$2)>0,"✓","")) | E18: =IF($A17="","",IF(COUNTIFS(Historial!$B$3:$B$502,$A17,Historial!$C$3:$C$502,$B17,Historial!$G$3:$G$502,E$4,Historial!$H$3:$H$502,$B$2)>0,"✓","")) | F18: =IF($A17="","",IF(COUNTIFS(Historial!$B$3:$B$502,$A17,Historial!$C$3:$C$502,$B17,Historial!$G$3:$G$502,F$4,Historial!$H$3:$H$502,$B$2)>0,"✓","")) | G18: =IF($A17="","",IF(COUNTIFS(Historial!$B$3:$B$502,$A17,Historial!$C$3:$C$502,$B17,Historial!$G$3:$G$502,G$4,Historial!$H$3:$H$502,$B$2)>0,"✓","")) | H18: =IF($A17="","",IF(COUNTIFS(Historial!$B$3:$B$502,$A17,Historial!$C$3:$C$502,$B17,Historial!$G$3:$G$502,H$4,Historial!$H$3:$H$502,$B$2)>0,"✓","")) | I18: =IF($A17="","",IF(COUNTIFS(Historial!$B$3:$B$502,$A17,Historial!$C$3:$C$502,$B17,Historial!$G$3:$G$502,I$4,Historial!$H$3:$H$502,$B$2)>0,"✓","")) | J18: =IF($A17="","",IF(COUNTIFS(Historial!$B$3:$B$502,$A17,Historial!$C$3:$C$502,$B17,Historial!$G$3:$G$502,J$4,Historial!$H$3:$H$502,$B$2)>0,"✓","")) | K18: =IF($A17="","",IF(COUNTIFS(Historial!$B$3:$B$502,$A17,Historial!$C$3:$C$502,$B17,Historial!$G$3:$G$502,K$4,Historial!$H$3:$H$502,$B$2)>0,"✓","")) | ... BC18: =IF($A17="","",IF(COUNTIFS(Historial!$B$3:$B$502,$A17,Historial!$C$3:$C$502,$B17,Historial!$G$3:$G$502,BC$4,Historial!$H$3:$H$502,$B$2)>0,"✓",""))
A19: =IF(Actividades!$B10="","",Actividades!$B10) | B19: =IF(Actividades!$C10="","",Actividades!$C10) | C19: =IF($A19="","","Plan") | D19: =IF($A19="","",IF(AND(N(Actividades!$E10)>0,D$4>=Actividades!$E10,MOD(D$4-Actividades!$E10,IFERROR(VLOOKUP(Actividades!$D10,Listas!$A$2:$B$8,2,0),52))=0),"P","")) | E19: =IF($A19="","",IF(AND(N(Actividades!$E10)>0,E$4>=Actividades!$E10,MOD(E$4-Actividades!$E10,IFERROR(VLOOKUP(Actividades!$D10,Listas!$A$2:$B$8,2,0),52))=0),"P","")) | F19: =IF($A19="","",IF(AND(N(Actividades!$E10)>0,F$4>=Actividades!$E10,MOD(F$4-Actividades!$E10,IFERROR(VLOOKUP(Actividades!$D10,Listas!$A$2:$B$8,2,0),52))=0),"P","")) | G19: =IF($A19="","",IF(AND(N(Actividades!$E10)>0,G$4>=Actividades!$E10,MOD(G$4-Actividades!$E10,IFERROR(VLOOKUP(Actividades!$D10,Listas!$A$2:$B$8,2,0),52))=0),"P","")) | H19: =IF($A19="","",IF(AND(N(Actividades!$E10)>0,H$4>=Actividades!$E10,MOD(H$4-Actividades!$E10,IFERROR(VLOOKUP(Actividades!$D10,Listas!$A$2:$B$8,2,0),52))=0),"P","")) | I19: =IF($A19="","",IF(AND(N(Actividades!$E10)>0,I$4>=Actividades!$E10,MOD(I$4-Actividades!$E10,IFERROR(VLOOKUP(Actividades!$D10,Listas!$A$2:$B$8,2,0),52))=0),"P","")) | J19: =IF($A19="","",IF(AND(N(Actividades!$E10)>0,J$4>=Actividades!$E10,MOD(J$4-Actividades!$E10,IFERROR(VLOOKUP(Actividades!$D10,Listas!$A$2:$B$8,2,0),52))=0),"P","")) | K19: =IF($A19="","",IF(AND(N(Actividades!$E10)>0,K$4>=Actividades!$E10,MOD(K$4-Actividades!$E10,IFERROR(VLOOKUP(Actividades!$D10,Listas!$A$2:$B$8,2,0),52))=0),"P","")) | ... BC19: =IF($A19="","",IF(AND(N(Actividades!$E10)>0,BC$4>=Actividades!$E10,MOD(BC$4-Actividades!$E10,IFERROR(VLOOKUP(Actividades!$D10,Listas!$A$2:$B$8,2,0),52))=0),"P","")) | BD19: =IF($A19="","",COUNTIF(D19:BC19,"P")) | BE19: =IF($A19="","",SUMPRODUCT((D19:BC19="P")*(D20:BC20="✓"))) | BF19: =IF($A19="","",IF(BD19=0,"",BE19/BD19))
C20: =IF($A19="","","Real") | D20: =IF($A19="","",IF(COUNTIFS(Historial!$B$3:$B$502,$A19,Historial!$C$3:$C$502,$B19,Historial!$G$3:$G$502,D$4,Historial!$H$3:$H$502,$B$2)>0,"✓","")) | E20: =IF($A19="","",IF(COUNTIFS(Historial!$B$3:$B$502,$A19,Historial!$C$3:$C$502,$B19,Historial!$G$3:$G$502,E$4,Historial!$H$3:$H$502,$B$2)>0,"✓","")) | F20: =IF($A19="","",IF(COUNTIFS(Historial!$B$3:$B$502,$A19,Historial!$C$3:$C$502,$B19,Historial!$G$3:$G$502,F$4,Historial!$H$3:$H$502,$B$2)>0,"✓","")) | G20: =IF($A19="","",IF(COUNTIFS(Historial!$B$3:$B$502,$A19,Historial!$C$3:$C$502,$B19,Historial!$G$3:$G$502,G$4,Historial!$H$3:$H$502,$B$2)>0,"✓","")) | H20: =IF($A19="","",IF(COUNTIFS(Historial!$B$3:$B$502,$A19,Historial!$C$3:$C$502,$B19,Historial!$G$3:$G$502,H$4,Historial!$H$3:$H$502,$B$2)>0,"✓","")) | I20: =IF($A19="","",IF(COUNTIFS(Historial!$B$3:$B$502,$A19,Historial!$C$3:$C$502,$B19,Historial!$G$3:$G$502,I$4,Historial!$H$3:$H$502,$B$2)>0,"✓","")) | J20: =IF($A19="","",IF(COUNTIFS(Historial!$B$3:$B$502,$A19,Historial!$C$3:$C$502,$B19,Historial!$G$3:$G$502,J$4,Historial!$H$3:$H$502,$B$2)>0,"✓","")) | K20: =IF($A19="","",IF(COUNTIFS(Historial!$B$3:$B$502,$A19,Historial!$C$3:$C$502,$B19,Historial!$G$3:$G$502,K$4,Historial!$H$3:$H$502,$B$2)>0,"✓","")) | ... BC20: =IF($A19="","",IF(COUNTIFS(Historial!$B$3:$B$502,$A19,Historial!$C$3:$C$502,$B19,Historial!$G$3:$G$502,BC$4,Historial!$H$3:$H$502,$B$2)>0,"✓",""))
A21: =IF(Actividades!$B11="","",Actividades!$B11) | B21: =IF(Actividades!$C11="","",Actividades!$C11) | C21: =IF($A21="","","Plan") | D21: =IF($A21="","",IF(AND(N(Actividades!$E11)>0,D$4>=Actividades!$E11,MOD(D$4-Actividades!$E11,IFERROR(VLOOKUP(Actividades!$D11,Listas!$A$2:$B$8,2,0),52))=0),"P","")) | E21: =IF($A21="","",IF(AND(N(Actividades!$E11)>0,E$4>=Actividades!$E11,MOD(E$4-Actividades!$E11,IFERROR(VLOOKUP(Actividades!$D11,Listas!$A$2:$B$8,2,0),52))=0),"P","")) | F21: =IF($A21="","",IF(AND(N(Actividades!$E11)>0,F$4>=Actividades!$E11,MOD(F$4-Actividades!$E11,IFERROR(VLOOKUP(Actividades!$D11,Listas!$A$2:$B$8,2,0),52))=0),"P","")) | G21: =IF($A21="","",IF(AND(N(Actividades!$E11)>0,G$4>=Actividades!$E11,MOD(G$4-Actividades!$E11,IFERROR(VLOOKUP(Actividades!$D11,Listas!$A$2:$B$8,2,0),52))=0),"P","")) | H21: =IF($A21="","",IF(AND(N(Actividades!$E11)>0,H$4>=Actividades!$E11,MOD(H$4-Actividades!$E11,IFERROR(VLOOKUP(Actividades!$D11,Listas!$A$2:$B$8,2,0),52))=0),"P","")) | I21: =IF($A21="","",IF(AND(N(Actividades!$E11)>0,I$4>=Actividades!$E11,MOD(I$4-Actividades!$E11,IFERROR(VLOOKUP(Actividades!$D11,Listas!$A$2:$B$8,2,0),52))=0),"P","")) | J21: =IF($A21="","",IF(AND(N(Actividades!$E11)>0,J$4>=Actividades!$E11,MOD(J$4-Actividades!$E11,IFERROR(VLOOKUP(Actividades!$D11,Listas!$A$2:$B$8,2,0),52))=0),"P","")) | K21: =IF($A21="","",IF(AND(N(Actividades!$E11)>0,K$4>=Actividades!$E11,MOD(K$4-Actividades!$E11,IFERROR(VLOOKUP(Actividades!$D11,Listas!$A$2:$B$8,2,0),52))=0),"P","")) | ... BC21: =IF($A21="","",IF(AND(N(Actividades!$E11)>0,BC$4>=Actividades!$E11,MOD(BC$4-Actividades!$E11,IFERROR(VLOOKUP(Actividades!$D11,Listas!$A$2:$B$8,2,0),52))=0),"P","")) | BD21: =IF($A21="","",COUNTIF(D21:BC21,"P")) | BE21: =IF($A21="","",SUMPRODUCT((D21:BC21="P")*(D22:BC22="✓"))) | BF21: =IF($A21="","",IF(BD21=0,"",BE21/BD21))
C22: =IF($A21="","","Real") | D22: =IF($A21="","",IF(COUNTIFS(Historial!$B$3:$B$502,$A21,Historial!$C$3:$C$502,$B21,Historial!$G$3:$G$502,D$4,Historial!$H$3:$H$502,$B$2)>0,"✓","")) | E22: =IF($A21="","",IF(COUNTIFS(Historial!$B$3:$B$502,$A21,Historial!$C$3:$C$502,$B21,Historial!$G$3:$G$502,E$4,Historial!$H$3:$H$502,$B$2)>0,"✓","")) | F22: =IF($A21="","",IF(COUNTIFS(Historial!$B$3:$B$502,$A21,Historial!$C$3:$C$502,$B21,Historial!$G$3:$G$502,F$4,Historial!$H$3:$H$502,$B$2)>0,"✓","")) | G22: =IF($A21="","",IF(COUNTIFS(Historial!$B$3:$B$502,$A21,Historial!$C$3:$C$502,$B21,Historial!$G$3:$G$502,G$4,Historial!$H$3:$H$502,$B$2)>0,"✓","")) | H22: =IF($A21="","",IF(COUNTIFS(Historial!$B$3:$B$502,$A21,Historial!$C$3:$C$502,$B21,Historial!$G$3:$G$502,H$4,Historial!$H$3:$H$502,$B$2)>0,"✓","")) | I22: =IF($A21="","",IF(COUNTIFS(Historial!$B$3:$B$502,$A21,Historial!$C$3:$C$502,$B21,Historial!$G$3:$G$502,I$4,Historial!$H$3:$H$502,$B$2)>0,"✓","")) | J22: =IF($A21="","",IF(COUNTIFS(Historial!$B$3:$B$502,$A21,Historial!$C$3:$C$502,$B21,Historial!$G$3:$G$502,J$4,Historial!$H$3:$H$502,$B$2)>0,"✓","")) | K22: =IF($A21="","",IF(COUNTIFS(Historial!$B$3:$B$502,$A21,Historial!$C$3:$C$502,$B21,Historial!$G$3:$G$502,K$4,Historial!$H$3:$H$502,$B$2)>0,"✓","")) | ... BC22: =IF($A21="","",IF(COUNTIFS(Historial!$B$3:$B$502,$A21,Historial!$C$3:$C$502,$B21,Historial!$G$3:$G$502,BC$4,Historial!$H$3:$H$502,$B$2)>0,"✓",""))
A23: =IF(Actividades!$B12="","",Actividades!$B12) | B23: =IF(Actividades!$C12="","",Actividades!$C12) | C23: =IF($A23="","","Plan") | D23: =IF($A23="","",IF(AND(N(Actividades!$E12)>0,D$4>=Actividades!$E12,MOD(D$4-Actividades!$E12,IFERROR(VLOOKUP(Actividades!$D12,Listas!$A$2:$B$8,2,0),52))=0),"P","")) | E23: =IF($A23="","",IF(AND(N(Actividades!$E12)>0,E$4>=Actividades!$E12,MOD(E$4-Actividades!$E12,IFERROR(VLOOKUP(Actividades!$D12,Listas!$A$2:$B$8,2,0),52))=0),"P","")) | F23: =IF($A23="","",IF(AND(N(Actividades!$E12)>0,F$4>=Actividades!$E12,MOD(F$4-Actividades!$E12,IFERROR(VLOOKUP(Actividades!$D12,Listas!$A$2:$B$8,2,0),52))=0),"P","")) | G23: =IF($A23="","",IF(AND(N(Actividades!$E12)>0,G$4>=Actividades!$E12,MOD(G$4-Actividades!$E12,IFERROR(VLOOKUP(Actividades!$D12,Listas!$A$2:$B$8,2,0),52))=0),"P","")) | H23: =IF($A23="","",IF(AND(N(Actividades!$E12)>0,H$4>=Actividades!$E12,MOD(H$4-Actividades!$E12,IFERROR(VLOOKUP(Actividades!$D12,Listas!$A$2:$B$8,2,0),52))=0),"P","")) | I23: =IF($A23="","",IF(AND(N(Actividades!$E12)>0,I$4>=Actividades!$E12,MOD(I$4-Actividades!$E12,IFERROR(VLOOKUP(Actividades!$D12,Listas!$A$2:$B$8,2,0),52))=0),"P","")) | J23: =IF($A23="","",IF(AND(N(Actividades!$E12)>0,J$4>=Actividades!$E12,MOD(J$4-Actividades!$E12,IFERROR(VLOOKUP(Actividades!$D12,Listas!$A$2:$B$8,2,0),52))=0),"P","")) | K23: =IF($A23="","",IF(AND(N(Actividades!$E12)>0,K$4>=Actividades!$E12,MOD(K$4-Actividades!$E12,IFERROR(VLOOKUP(Actividades!$D12,Listas!$A$2:$B$8,2,0),52))=0),"P","")) | ... BC23: =IF($A23="","",IF(AND(N(Actividades!$E12)>0,BC$4>=Actividades!$E12,MOD(BC$4-Actividades!$E12,IFERROR(VLOOKUP(Actividades!$D12,Listas!$A$2:$B$8,2,0),52))=0),"P","")) | BD23: =IF($A23="","",COUNTIF(D23:BC23,"P")) | BE23: =IF($A23="","",SUMPRODUCT((D23:BC23="P")*(D24:BC24="✓"))) | BF23: =IF($A23="","",IF(BD23=0,"",BE23/BD23))
C24: =IF($A23="","","Real") | D24: =IF($A23="","",IF(COUNTIFS(Historial!$B$3:$B$502,$A23,Historial!$C$3:$C$502,$B23,Historial!$G$3:$G$502,D$4,Historial!$H$3:$H$502,$B$2)>0,"✓","")) | E24: =IF($A23="","",IF(COUNTIFS(Historial!$B$3:$B$502,$A23,Historial!$C$3:$C$502,$B23,Historial!$G$3:$G$502,E$4,Historial!$H$3:$H$502,$B$2)>0,"✓","")) | F24: =IF($A23="","",IF(COUNTIFS(Historial!$B$3:$B$502,$A23,Historial!$C$3:$C$502,$B23,Historial!$G$3:$G$502,F$4,Historial!$H$3:$H$502,$B$2)>0,"✓","")) | G24: =IF($A23="","",IF(COUNTIFS(Historial!$B$3:$B$502,$A23,Historial!$C$3:$C$502,$B23,Historial!$G$3:$G$502,G$4,Historial!$H$3:$H$502,$B$2)>0,"✓","")) | H24: =IF($A23="","",IF(COUNTIFS(Historial!$B$3:$B$502,$A23,Historial!$C$3:$C$502,$B23,Historial!$G$3:$G$502,H$4,Historial!$H$3:$H$502,$B$2)>0,"✓","")) | I24: =IF($A23="","",IF(COUNTIFS(Historial!$B$3:$B$502,$A23,Historial!$C$3:$C$502,$B23,Historial!$G$3:$G$502,I$4,Historial!$H$3:$H$502,$B$2)>0,"✓","")) | J24: =IF($A23="","",IF(COUNTIFS(Historial!$B$3:$B$502,$A23,Historial!$C$3:$C$502,$B23,Historial!$G$3:$G$502,J$4,Historial!$H$3:$H$502,$B$2)>0,"✓","")) | K24: =IF($A23="","",IF(COUNTIFS(Historial!$B$3:$B$502,$A23,Historial!$C$3:$C$502,$B23,Historial!$G$3:$G$502,K$4,Historial!$H$3:$H$502,$B$2)>0,"✓","")) | ... BC24: =IF($A23="","",IF(COUNTIFS(Historial!$B$3:$B$502,$A23,Historial!$C$3:$C$502,$B23,Historial!$G$3:$G$502,BC$4,Historial!$H$3:$H$502,$B$2)>0,"✓",""))
A25: =IF(Actividades!$B13="","",Actividades!$B13) | B25: =IF(Actividades!$C13="","",Actividades!$C13) | C25: =IF($A25="","","Plan") | D25: =IF($A25="","",IF(AND(N(Actividades!$E13)>0,D$4>=Actividades!$E13,MOD(D$4-Actividades!$E13,IFERROR(VLOOKUP(Actividades!$D13,Listas!$A$2:$B$8,2,0),52))=0),"P","")) | E25: =IF($A25="","",IF(AND(N(Actividades!$E13)>0,E$4>=Actividades!$E13,MOD(E$4-Actividades!$E13,IFERROR(VLOOKUP(Actividades!$D13,Listas!$A$2:$B$8,2,0),52))=0),"P","")) | F25: =IF($A25="","",IF(AND(N(Actividades!$E13)>0,F$4>=Actividades!$E13,MOD(F$4-Actividades!$E13,IFERROR(VLOOKUP(Actividades!$D13,Listas!$A$2:$B$8,2,0),52))=0),"P","")) | G25: =IF($A25="","",IF(AND(N(Actividades!$E13)>0,G$4>=Actividades!$E13,MOD(G$4-Actividades!$E13,IFERROR(VLOOKUP(Actividades!$D13,Listas!$A$2:$B$8,2,0),52))=0),"P","")) | H25: =IF($A25="","",IF(AND(N(Actividades!$E13)>0,H$4>=Actividades!$E13,MOD(H$4-Actividades!$E13,IFERROR(VLOOKUP(Actividades!$D13,Listas!$A$2:$B$8,2,0),52))=0),"P","")) | I25: =IF($A25="","",IF(AND(N(Actividades!$E13)>0,I$4>=Actividades!$E13,MOD(I$4-Actividades!$E13,IFERROR(VLOOKUP(Actividades!$D13,Listas!$A$2:$B$8,2,0),52))=0),"P","")) | J25: =IF($A25="","",IF(AND(N(Actividades!$E13)>0,J$4>=Actividades!$E13,MOD(J$4-Actividades!$E13,IFERROR(VLOOKUP(Actividades!$D13,Listas!$A$2:$B$8,2,0),52))=0),"P","")) | K25: =IF($A25="","",IF(AND(N(Actividades!$E13)>0,K$4>=Actividades!$E13,MOD(K$4-Actividades!$E13,IFERROR(VLOOKUP(Actividades!$D13,Listas!$A$2:$B$8,2,0),52))=0),"P","")) | ... BC25: =IF($A25="","",IF(AND(N(Actividades!$E13)>0,BC$4>=Actividades!$E13,MOD(BC$4-Actividades!$E13,IFERROR(VLOOKUP(Actividades!$D13,Listas!$A$2:$B$8,2,0),52))=0),"P","")) | BD25: =IF($A25="","",COUNTIF(D25:BC25,"P")) | BE25: =IF($A25="","",SUMPRODUCT((D25:BC25="P")*(D26:BC26="✓"))) | BF25: =IF($A25="","",IF(BD25=0,"",BE25/BD25))
C26: =IF($A25="","","Real") | D26: =IF($A25="","",IF(COUNTIFS(Historial!$B$3:$B$502,$A25,Historial!$C$3:$C$502,$B25,Historial!$G$3:$G$502,D$4,Historial!$H$3:$H$502,$B$2)>0,"✓","")) | E26: =IF($A25="","",IF(COUNTIFS(Historial!$B$3:$B$502,$A25,Historial!$C$3:$C$502,$B25,Historial!$G$3:$G$502,E$4,Historial!$H$3:$H$502,$B$2)>0,"✓","")) | F26: =IF($A25="","",IF(COUNTIFS(Historial!$B$3:$B$502,$A25,Historial!$C$3:$C$502,$B25,Historial!$G$3:$G$502,F$4,Historial!$H$3:$H$502,$B$2)>0,"✓","")) | G26: =IF($A25="","",IF(COUNTIFS(Historial!$B$3:$B$502,$A25,Historial!$C$3:$C$502,$B25,Historial!$G$3:$G$502,G$4,Historial!$H$3:$H$502,$B$2)>0,"✓","")) | H26: =IF($A25="","",IF(COUNTIFS(Historial!$B$3:$B$502,$A25,Historial!$C$3:$C$502,$B25,Historial!$G$3:$G$502,H$4,Historial!$H$3:$H$502,$B$2)>0,"✓","")) | I26: =IF($A25="","",IF(COUNTIFS(Historial!$B$3:$B$502,$A25,Historial!$C$3:$C$502,$B25,Historial!$G$3:$G$502,I$4,Historial!$H$3:$H$502,$B$2)>0,"✓","")) | J26: =IF($A25="","",IF(COUNTIFS(Historial!$B$3:$B$502,$A25,Historial!$C$3:$C$502,$B25,Historial!$G$3:$G$502,J$4,Historial!$H$3:$H$502,$B$2)>0,"✓","")) | K26: =IF($A25="","",IF(COUNTIFS(Historial!$B$3:$B$502,$A25,Historial!$C$3:$C$502,$B25,Historial!$G$3:$G$502,K$4,Historial!$H$3:$H$502,$B$2)>0,"✓","")) | ... BC26: =IF($A25="","",IF(COUNTIFS(Historial!$B$3:$B$502,$A25,Historial!$C$3:$C$502,$B25,Historial!$G$3:$G$502,BC$4,Historial!$H$3:$H$502,$B$2)>0,"✓",""))
A27: =IF(Actividades!$B14="","",Actividades!$B14) | B27: =IF(Actividades!$C14="","",Actividades!$C14) | C27: =IF($A27="","","Plan") | D27: =IF($A27="","",IF(AND(N(Actividades!$E14)>0,D$4>=Actividades!$E14,MOD(D$4-Actividades!$E14,IFERROR(VLOOKUP(Actividades!$D14,Listas!$A$2:$B$8,2,0),52))=0),"P","")) | E27: =IF($A27="","",IF(AND(N(Actividades!$E14)>0,E$4>=Actividades!$E14,MOD(E$4-Actividades!$E14,IFERROR(VLOOKUP(Actividades!$D14,Listas!$A$2:$B$8,2,0),52))=0),"P","")) | F27: =IF($A27="","",IF(AND(N(Actividades!$E14)>0,F$4>=Actividades!$E14,MOD(F$4-Actividades!$E14,IFERROR(VLOOKUP(Actividades!$D14,Listas!$A$2:$B$8,2,0),52))=0),"P","")) | G27: =IF($A27="","",IF(AND(N(Actividades!$E14)>0,G$4>=Actividades!$E14,MOD(G$4-Actividades!$E14,IFERROR(VLOOKUP(Actividades!$D14,Listas!$A$2:$B$8,2,0),52))=0),"P","")) | H27: =IF($A27="","",IF(AND(N(Actividades!$E14)>0,H$4>=Actividades!$E14,MOD(H$4-Actividades!$E14,IFERROR(VLOOKUP(Actividades!$D14,Listas!$A$2:$B$8,2,0),52))=0),"P","")) | I27: =IF($A27="","",IF(AND(N(Actividades!$E14)>0,I$4>=Actividades!$E14,MOD(I$4-Actividades!$E14,IFERROR(VLOOKUP(Actividades!$D14,Listas!$A$2:$B$8,2,0),52))=0),"P","")) | J27: =IF($A27="","",IF(AND(N(Actividades!$E14)>0,J$4>=Actividades!$E14,MOD(J$4-Actividades!$E14,IFERROR(VLOOKUP(Actividades!$D14,Listas!$A$2:$B$8,2,0),52))=0),"P","")) | K27: =IF($A27="","",IF(AND(N(Actividades!$E14)>0,K$4>=Actividades!$E14,MOD(K$4-Actividades!$E14,IFERROR(VLOOKUP(Actividades!$D14,Listas!$A$2:$B$8,2,0),52))=0),"P","")) | ... BC27: =IF($A27="","",IF(AND(N(Actividades!$E14)>0,BC$4>=Actividades!$E14,MOD(BC$4-Actividades!$E14,IFERROR(VLOOKUP(Actividades!$D14,Listas!$A$2:$B$8,2,0),52))=0),"P","")) | BD27: =IF($A27="","",COUNTIF(D27:BC27,"P")) | BE27: =IF($A27="","",SUMPRODUCT((D27:BC27="P")*(D28:BC28="✓"))) | BF27: =IF($A27="","",IF(BD27=0,"",BE27/BD27))
C28: =IF($A27="","","Real") | D28: =IF($A27="","",IF(COUNTIFS(Historial!$B$3:$B$502,$A27,Historial!$C$3:$C$502,$B27,Historial!$G$3:$G$502,D$4,Historial!$H$3:$H$502,$B$2)>0,"✓","")) | E28: =IF($A27="","",IF(COUNTIFS(Historial!$B$3:$B$502,$A27,Historial!$C$3:$C$502,$B27,Historial!$G$3:$G$502,E$4,Historial!$H$3:$H$502,$B$2)>0,"✓","")) | F28: =IF($A27="","",IF(COUNTIFS(Historial!$B$3:$B$502,$A27,Historial!$C$3:$C$502,$B27,Historial!$G$3:$G$502,F$4,Historial!$H$3:$H$502,$B$2)>0,"✓","")) | G28: =IF($A27="","",IF(COUNTIFS(Historial!$B$3:$B$502,$A27,Historial!$C$3:$C$502,$B27,Historial!$G$3:$G$502,G$4,Historial!$H$3:$H$502,$B$2)>0,"✓","")) | H28: =IF($A27="","",IF(COUNTIFS(Historial!$B$3:$B$502,$A27,Historial!$C$3:$C$502,$B27,Historial!$G$3:$G$502,H$4,Historial!$H$3:$H$502,$B$2)>0,"✓","")) | I28: =IF($A27="","",IF(COUNTIFS(Historial!$B$3:$B$502,$A27,Historial!$C$3:$C$502,$B27,Historial!$G$3:$G$502,I$4,Historial!$H$3:$H$502,$B$2)>0,"✓","")) | J28: =IF($A27="","",IF(COUNTIFS(Historial!$B$3:$B$502,$A27,Historial!$C$3:$C$502,$B27,Historial!$G$3:$G$502,J$4,Historial!$H$3:$H$502,$B$2)>0,"✓","")) | K28: =IF($A27="","",IF(COUNTIFS(Historial!$B$3:$B$502,$A27,Historial!$C$3:$C$502,$B27,Historial!$G$3:$G$502,K$4,Historial!$H$3:$H$502,$B$2)>0,"✓","")) | ... BC28: =IF($A27="","",IF(COUNTIFS(Historial!$B$3:$B$502,$A27,Historial!$C$3:$C$502,$B27,Historial!$G$3:$G$502,BC$4,Historial!$H$3:$H$502,$B$2)>0,"✓",""))
A29: =IF(Actividades!$B15="","",Actividades!$B15) | B29: =IF(Actividades!$C15="","",Actividades!$C15) | C29: =IF($A29="","","Plan") | D29: =IF($A29="","",IF(AND(N(Actividades!$E15)>0,D$4>=Actividades!$E15,MOD(D$4-Actividades!$E15,IFERROR(VLOOKUP(Actividades!$D15,Listas!$A$2:$B$8,2,0),52))=0),"P","")) | E29: =IF($A29="","",IF(AND(N(Actividades!$E15)>0,E$4>=Actividades!$E15,MOD(E$4-Actividades!$E15,IFERROR(VLOOKUP(Actividades!$D15,Listas!$A$2:$B$8,2,0),52))=0),"P","")) | F29: =IF($A29="","",IF(AND(N(Actividades!$E15)>0,F$4>=Actividades!$E15,MOD(F$4-Actividades!$E15,IFERROR(VLOOKUP(Actividades!$D15,Listas!$A$2:$B$8,2,0),52))=0),"P","")) | G29: =IF($A29="","",IF(AND(N(Actividades!$E15)>0,G$4>=Actividades!$E15,MOD(G$4-Actividades!$E15,IFERROR(VLOOKUP(Actividades!$D15,Listas!$A$2:$B$8,2,0),52))=0),"P","")) | H29: =IF($A29="","",IF(AND(N(Actividades!$E15)>0,H$4>=Actividades!$E15,MOD(H$4-Actividades!$E15,IFERROR(VLOOKUP(Actividades!$D15,Listas!$A$2:$B$8,2,0),52))=0),"P","")) | I29: =IF($A29="","",IF(AND(N(Actividades!$E15)>0,I$4>=Actividades!$E15,MOD(I$4-Actividades!$E15,IFERROR(VLOOKUP(Actividades!$D15,Listas!$A$2:$B$8,2,0),52))=0),"P","")) | J29: =IF($A29="","",IF(AND(N(Actividades!$E15)>0,J$4>=Actividades!$E15,MOD(J$4-Actividades!$E15,IFERROR(VLOOKUP(Actividades!$D15,Listas!$A$2:$B$8,2,0),52))=0),"P","")) | K29: =IF($A29="","",IF(AND(N(Actividades!$E15)>0,K$4>=Actividades!$E15,MOD(K$4-Actividades!$E15,IFERROR(VLOOKUP(Actividades!$D15,Listas!$A$2:$B$8,2,0),52))=0),"P","")) | ... BC29: =IF($A29="","",IF(AND(N(Actividades!$E15)>0,BC$4>=Actividades!$E15,MOD(BC$4-Actividades!$E15,IFERROR(VLOOKUP(Actividades!$D15,Listas!$A$2:$B$8,2,0),52))=0),"P","")) | BD29: =IF($A29="","",COUNTIF(D29:BC29,"P")) | BE29: =IF($A29="","",SUMPRODUCT((D29:BC29="P")*(D30:BC30="✓"))) | BF29: =IF($A29="","",IF(BD29=0,"",BE29/BD29))
C30: =IF($A29="","","Real") | D30: =IF($A29="","",IF(COUNTIFS(Historial!$B$3:$B$502,$A29,Historial!$C$3:$C$502,$B29,Historial!$G$3:$G$502,D$4,Historial!$H$3:$H$502,$B$2)>0,"✓","")) | E30: =IF($A29="","",IF(COUNTIFS(Historial!$B$3:$B$502,$A29,Historial!$C$3:$C$502,$B29,Historial!$G$3:$G$502,E$4,Historial!$H$3:$H$502,$B$2)>0,"✓","")) | F30: =IF($A29="","",IF(COUNTIFS(Historial!$B$3:$B$502,$A29,Historial!$C$3:$C$502,$B29,Historial!$G$3:$G$502,F$4,Historial!$H$3:$H$502,$B$2)>0,"✓","")) | G30: =IF($A29="","",IF(COUNTIFS(Historial!$B$3:$B$502,$A29,Historial!$C$3:$C$502,$B29,Historial!$G$3:$G$502,G$4,Historial!$H$3:$H$502,$B$2)>0,"✓","")) | H30: =IF($A29="","",IF(COUNTIFS(Historial!$B$3:$B$502,$A29,Historial!$C$3:$C$502,$B29,Historial!$G$3:$G$502,H$4,Historial!$H$3:$H$502,$B$2)>0,"✓","")) | I30: =IF($A29="","",IF(COUNTIFS(Historial!$B$3:$B$502,$A29,Historial!$C$3:$C$502,$B29,Historial!$G$3:$G$502,I$4,Historial!$H$3:$H$502,$B$2)>0,"✓","")) | J30: =IF($A29="","",IF(COUNTIFS(Historial!$B$3:$B$502,$A29,Historial!$C$3:$C$502,$B29,Historial!$G$3:$G$502,J$4,Historial!$H$3:$H$502,$B$2)>0,"✓","")) | K30: =IF($A29="","",IF(COUNTIFS(Historial!$B$3:$B$502,$A29,Historial!$C$3:$C$502,$B29,Historial!$G$3:$G$502,K$4,Historial!$H$3:$H$502,$B$2)>0,"✓","")) | ... BC30: =IF($A29="","",IF(COUNTIFS(Historial!$B$3:$B$502,$A29,Historial!$C$3:$C$502,$B29,Historial!$G$3:$G$502,BC$4,Historial!$H$3:$H$502,$B$2)>0,"✓",""))
A31: =IF(Actividades!$B16="","",Actividades!$B16) | B31: =IF(Actividades!$C16="","",Actividades!$C16) | C31: =IF($A31="","","Plan") | D31: =IF($A31="","",IF(AND(N(Actividades!$E16)>0,D$4>=Actividades!$E16,MOD(D$4-Actividades!$E16,IFERROR(VLOOKUP(Actividades!$D16,Listas!$A$2:$B$8,2,0),52))=0),"P","")) | E31: =IF($A31="","",IF(AND(N(Actividades!$E16)>0,E$4>=Actividades!$E16,MOD(E$4-Actividades!$E16,IFERROR(VLOOKUP(Actividades!$D16,Listas!$A$2:$B$8,2,0),52))=0),"P","")) | F31: =IF($A31="","",IF(AND(N(Actividades!$E16)>0,F$4>=Actividades!$E16,MOD(F$4-Actividades!$E16,IFERROR(VLOOKUP(Actividades!$D16,Listas!$A$2:$B$8,2,0),52))=0),"P","")) | G31: =IF($A31="","",IF(AND(N(Actividades!$E16)>0,G$4>=Actividades!$E16,MOD(G$4-Actividades!$E16,IFERROR(VLOOKUP(Actividades!$D16,Listas!$A$2:$B$8,2,0),52))=0),"P","")) | H31: =IF($A31="","",IF(AND(N(Actividades!$E16)>0,H$4>=Actividades!$E16,MOD(H$4-Actividades!$E16,IFERROR(VLOOKUP(Actividades!$D16,Listas!$A$2:$B$8,2,0),52))=0),"P","")) | I31: =IF($A31="","",IF(AND(N(Actividades!$E16)>0,I$4>=Actividades!$E16,MOD(I$4-Actividades!$E16,IFERROR(VLOOKUP(Actividades!$D16,Listas!$A$2:$B$8,2,0),52))=0),"P","")) | J31: =IF($A31="","",IF(AND(N(Actividades!$E16)>0,J$4>=Actividades!$E16,MOD(J$4-Actividades!$E16,IFERROR(VLOOKUP(Actividades!$D16,Listas!$A$2:$B$8,2,0),52))=0),"P","")) | K31: =IF($A31="","",IF(AND(N(Actividades!$E16)>0,K$4>=Actividades!$E16,MOD(K$4-Actividades!$E16,IFERROR(VLOOKUP(Actividades!$D16,Listas!$A$2:$B$8,2,0),52))=0),"P","")) | ... BC31: =IF($A31="","",IF(AND(N(Actividades!$E16)>0,BC$4>=Actividades!$E16,MOD(BC$4-Actividades!$E16,IFERROR(VLOOKUP(Actividades!$D16,Listas!$A$2:$B$8,2,0),52))=0),"P","")) | BD31: =IF($A31="","",COUNTIF(D31:BC31,"P")) | BE31: =IF($A31="","",SUMPRODUCT((D31:BC31="P")*(D32:BC32="✓"))) | BF31: =IF($A31="","",IF(BD31=0,"",BE31/BD31))
C32: =IF($A31="","","Real") | D32: =IF($A31="","",IF(COUNTIFS(Historial!$B$3:$B$502,$A31,Historial!$C$3:$C$502,$B31,Historial!$G$3:$G$502,D$4,Historial!$H$3:$H$502,$B$2)>0,"✓","")) | E32: =IF($A31="","",IF(COUNTIFS(Historial!$B$3:$B$502,$A31,Historial!$C$3:$C$502,$B31,Historial!$G$3:$G$502,E$4,Historial!$H$3:$H$502,$B$2)>0,"✓","")) | F32: =IF($A31="","",IF(COUNTIFS(Historial!$B$3:$B$502,$A31,Historial!$C$3:$C$502,$B31,Historial!$G$3:$G$502,F$4,Historial!$H$3:$H$502,$B$2)>0,"✓","")) | G32: =IF($A31="","",IF(COUNTIFS(Historial!$B$3:$B$502,$A31,Historial!$C$3:$C$502,$B31,Historial!$G$3:$G$502,G$4,Historial!$H$3:$H$502,$B$2)>0,"✓","")) | H32: =IF($A31="","",IF(COUNTIFS(Historial!$B$3:$B$502,$A31,Historial!$C$3:$C$502,$B31,Historial!$G$3:$G$502,H$4,Historial!$H$3:$H$502,$B$2)>0,"✓","")) | I32: =IF($A31="","",IF(COUNTIFS(Historial!$B$3:$B$502,$A31,Historial!$C$3:$C$502,$B31,Historial!$G$3:$G$502,I$4,Historial!$H$3:$H$502,$B$2)>0,"✓","")) | J32: =IF($A31="","",IF(COUNTIFS(Historial!$B$3:$B$502,$A31,Historial!$C$3:$C$502,$B31,Historial!$G$3:$G$502,J$4,Historial!$H$3:$H$502,$B$2)>0,"✓","")) | K32: =IF($A31="","",IF(COUNTIFS(Historial!$B$3:$B$502,$A31,Historial!$C$3:$C$502,$B31,Historial!$G$3:$G$502,K$4,Historial!$H$3:$H$502,$B$2)>0,"✓","")) | ... BC32: =IF($A31="","",IF(COUNTIFS(Historial!$B$3:$B$502,$A31,Historial!$C$3:$C$502,$B31,Historial!$G$3:$G$502,BC$4,Historial!$H$3:$H$502,$B$2)>0,"✓",""))
A33: =IF(Actividades!$B17="","",Actividades!$B17) | B33: =IF(Actividades!$C17="","",Actividades!$C17) | C33: =IF($A33="","","Plan") | D33: =IF($A33="","",IF(AND(N(Actividades!$E17)>0,D$4>=Actividades!$E17,MOD(D$4-Actividades!$E17,IFERROR(VLOOKUP(Actividades!$D17,Listas!$A$2:$B$8,2,0),52))=0),"P","")) | E33: =IF($A33="","",IF(AND(N(Actividades!$E17)>0,E$4>=Actividades!$E17,MOD(E$4-Actividades!$E17,IFERROR(VLOOKUP(Actividades!$D17,Listas!$A$2:$B$8,2,0),52))=0),"P","")) | F33: =IF($A33="","",IF(AND(N(Actividades!$E17)>0,F$4>=Actividades!$E17,MOD(F$4-Actividades!$E17,IFERROR(VLOOKUP(Actividades!$D17,Listas!$A$2:$B$8,2,0),52))=0),"P","")) | G33: =IF($A33="","",IF(AND(N(Actividades!$E17)>0,G$4>=Actividades!$E17,MOD(G$4-Actividades!$E17,IFERROR(VLOOKUP(Actividades!$D17,Listas!$A$2:$B$8,2,0),52))=0),"P","")) | H33: =IF($A33="","",IF(AND(N(Actividades!$E17)>0,H$4>=Actividades!$E17,MOD(H$4-Actividades!$E17,IFERROR(VLOOKUP(Actividades!$D17,Listas!$A$2:$B$8,2,0),52))=0),"P","")) | I33: =IF($A33="","",IF(AND(N(Actividades!$E17)>0,I$4>=Actividades!$E17,MOD(I$4-Actividades!$E17,IFERROR(VLOOKUP(Actividades!$D17,Listas!$A$2:$B$8,2,0),52))=0),"P","")) | J33: =IF($A33="","",IF(AND(N(Actividades!$E17)>0,J$4>=Actividades!$E17,MOD(J$4-Actividades!$E17,IFERROR(VLOOKUP(Actividades!$D17,Listas!$A$2:$B$8,2,0),52))=0),"P","")) | K33: =IF($A33="","",IF(AND(N(Actividades!$E17)>0,K$4>=Actividades!$E17,MOD(K$4-Actividades!$E17,IFERROR(VLOOKUP(Actividades!$D17,Listas!$A$2:$B$8,2,0),52))=0),"P","")) | ... BC33: =IF($A33="","",IF(AND(N(Actividades!$E17)>0,BC$4>=Actividades!$E17,MOD(BC$4-Actividades!$E17,IFERROR(VLOOKUP(Actividades!$D17,Listas!$A$2:$B$8,2,0),52))=0),"P","")) | BD33: =IF($A33="","",COUNTIF(D33:BC33,"P")) | BE33: =IF($A33="","",SUMPRODUCT((D33:BC33="P")*(D34:BC34="✓"))) | BF33: =IF($A33="","",IF(BD33=0,"",BE33/BD33))
C34: =IF($A33="","","Real") | D34: =IF($A33="","",IF(COUNTIFS(Historial!$B$3:$B$502,$A33,Historial!$C$3:$C$502,$B33,Historial!$G$3:$G$502,D$4,Historial!$H$3:$H$502,$B$2)>0,"✓","")) | E34: =IF($A33="","",IF(COUNTIFS(Historial!$B$3:$B$502,$A33,Historial!$C$3:$C$502,$B33,Historial!$G$3:$G$502,E$4,Historial!$H$3:$H$502,$B$2)>0,"✓","")) | F34: =IF($A33="","",IF(COUNTIFS(Historial!$B$3:$B$502,$A33,Historial!$C$3:$C$502,$B33,Historial!$G$3:$G$502,F$4,Historial!$H$3:$H$502,$B$2)>0,"✓","")) | G34: =IF($A33="","",IF(COUNTIFS(Historial!$B$3:$B$502,$A33,Historial!$C$3:$C$502,$B33,Historial!$G$3:$G$502,G$4,Historial!$H$3:$H$502,$B$2)>0,"✓","")) | H34: =IF($A33="","",IF(COUNTIFS(Historial!$B$3:$B$502,$A33,Historial!$C$3:$C$502,$B33,Historial!$G$3:$G$502,H$4,Historial!$H$3:$H$502,$B$2)>0,"✓","")) | I34: =IF($A33="","",IF(COUNTIFS(Historial!$B$3:$B$502,$A33,Historial!$C$3:$C$502,$B33,Historial!$G$3:$G$502,I$4,Historial!$H$3:$H$502,$B$2)>0,"✓","")) | J34: =IF($A33="","",IF(COUNTIFS(Historial!$B$3:$B$502,$A33,Historial!$C$3:$C$502,$B33,Historial!$G$3:$G$502,J$4,Historial!$H$3:$H$502,$B$2)>0,"✓","")) | K34: =IF($A33="","",IF(COUNTIFS(Historial!$B$3:$B$502,$A33,Historial!$C$3:$C$502,$B33,Historial!$G$3:$G$502,K$4,Historial!$H$3:$H$502,$B$2)>0,"✓","")) | ... BC34: =IF($A33="","",IF(COUNTIFS(Historial!$B$3:$B$502,$A33,Historial!$C$3:$C$502,$B33,Historial!$G$3:$G$502,BC$4,Historial!$H$3:$H$502,$B$2)>0,"✓",""))
A35: =IF(Actividades!$B18="","",Actividades!$B18) | B35: =IF(Actividades!$C18="","",Actividades!$C18) | C35: =IF($A35="","","Plan") | D35: =IF($A35="","",IF(AND(N(Actividades!$E18)>0,D$4>=Actividades!$E18,MOD(D$4-Actividades!$E18,IFERROR(VLOOKUP(Actividades!$D18,Listas!$A$2:$B$8,2,0),52))=0),"P","")) | E35: =IF($A35="","",IF(AND(N(Actividades!$E18)>0,E$4>=Actividades!$E18,MOD(E$4-Actividades!$E18,IFERROR(VLOOKUP(Actividades!$D18,Listas!$A$2:$B$8,2,0),52))=0),"P","")) | F35: =IF($A35="","",IF(AND(N(Actividades!$E18)>0,F$4>=Actividades!$E18,MOD(F$4-Actividades!$E18,IFERROR(VLOOKUP(Actividades!$D18,Listas!$A$2:$B$8,2,0),52))=0),"P","")) | G35: =IF($A35="","",IF(AND(N(Actividades!$E18)>0,G$4>=Actividades!$E18,MOD(G$4-Actividades!$E18,IFERROR(VLOOKUP(Actividades!$D18,Listas!$A$2:$B$8,2,0),52))=0),"P","")) | H35: =IF($A35="","",IF(AND(N(Actividades!$E18)>0,H$4>=Actividades!$E18,MOD(H$4-Actividades!$E18,IFERROR(VLOOKUP(Actividades!$D18,Listas!$A$2:$B$8,2,0),52))=0),"P","")) | I35: =IF($A35="","",IF(AND(N(Actividades!$E18)>0,I$4>=Actividades!$E18,MOD(I$4-Actividades!$E18,IFERROR(VLOOKUP(Actividades!$D18,Listas!$A$2:$B$8,2,0),52))=0),"P","")) | J35: =IF($A35="","",IF(AND(N(Actividades!$E18)>0,J$4>=Actividades!$E18,MOD(J$4-Actividades!$E18,IFERROR(VLOOKUP(Actividades!$D18,Listas!$A$2:$B$8,2,0),52))=0),"P","")) | K35: =IF($A35="","",IF(AND(N(Actividades!$E18)>0,K$4>=Actividades!$E18,MOD(K$4-Actividades!$E18,IFERROR(VLOOKUP(Actividades!$D18,Listas!$A$2:$B$8,2,0),52))=0),"P","")) | ... BC35: =IF($A35="","",IF(AND(N(Actividades!$E18)>0,BC$4>=Actividades!$E18,MOD(BC$4-Actividades!$E18,IFERROR(VLOOKUP(Actividades!$D18,Listas!$A$2:$B$8,2,0),52))=0),"P","")) | BD35: =IF($A35="","",COUNTIF(D35:BC35,"P")) | BE35: =IF($A35="","",SUMPRODUCT((D35:BC35="P")*(D36:BC36="✓"))) | BF35: =IF($A35="","",IF(BD35=0,"",BE35/BD35))
C36: =IF($A35="","","Real") | D36: =IF($A35="","",IF(COUNTIFS(Historial!$B$3:$B$502,$A35,Historial!$C$3:$C$502,$B35,Historial!$G$3:$G$502,D$4,Historial!$H$3:$H$502,$B$2)>0,"✓","")) | E36: =IF($A35="","",IF(COUNTIFS(Historial!$B$3:$B$502,$A35,Historial!$C$3:$C$502,$B35,Historial!$G$3:$G$502,E$4,Historial!$H$3:$H$502,$B$2)>0,"✓","")) | F36: =IF($A35="","",IF(COUNTIFS(Historial!$B$3:$B$502,$A35,Historial!$C$3:$C$502,$B35,Historial!$G$3:$G$502,F$4,Historial!$H$3:$H$502,$B$2)>0,"✓","")) | G36: =IF($A35="","",IF(COUNTIFS(Historial!$B$3:$B$502,$A35,Historial!$C$3:$C$502,$B35,Historial!$G$3:$G$502,G$4,Historial!$H$3:$H$502,$B$2)>0,"✓","")) | H36: =IF($A35="","",IF(COUNTIFS(Historial!$B$3:$B$502,$A35,Historial!$C$3:$C$502,$B35,Historial!$G$3:$G$502,H$4,Historial!$H$3:$H$502,$B$2)>0,"✓","")) | I36: =IF($A35="","",IF(COUNTIFS(Historial!$B$3:$B$502,$A35,Historial!$C$3:$C$502,$B35,Historial!$G$3:$G$502,I$4,Historial!$H$3:$H$502,$B$2)>0,"✓","")) | J36: =IF($A35="","",IF(COUNTIFS(Historial!$B$3:$B$502,$A35,Historial!$C$3:$C$502,$B35,Historial!$G$3:$G$502,J$4,Historial!$H$3:$H$502,$B$2)>0,"✓","")) | K36: =IF($A35="","",IF(COUNTIFS(Historial!$B$3:$B$502,$A35,Historial!$C$3:$C$502,$B35,Historial!$G$3:$G$502,K$4,Historial!$H$3:$H$502,$B$2)>0,"✓","")) | ... BC36: =IF($A35="","",IF(COUNTIFS(Historial!$B$3:$B$502,$A35,Historial!$C$3:$C$502,$B35,Historial!$G$3:$G$502,BC$4,Historial!$H$3:$H$502,$B$2)>0,"✓",""))
A37: =IF(Actividades!$B19="","",Actividades!$B19) | B37: =IF(Actividades!$C19="","",Actividades!$C19) | C37: =IF($A37="","","Plan") | D37: =IF($A37="","",IF(AND(N(Actividades!$E19)>0,D$4>=Actividades!$E19,MOD(D$4-Actividades!$E19,IFERROR(VLOOKUP(Actividades!$D19,Listas!$A$2:$B$8,2,0),52))=0),"P","")) | E37: =IF($A37="","",IF(AND(N(Actividades!$E19)>0,E$4>=Actividades!$E19,MOD(E$4-Actividades!$E19,IFERROR(VLOOKUP(Actividades!$D19,Listas!$A$2:$B$8,2,0),52))=0),"P","")) | F37: =IF($A37="","",IF(AND(N(Actividades!$E19)>0,F$4>=Actividades!$E19,MOD(F$4-Actividades!$E19,IFERROR(VLOOKUP(Actividades!$D19,Listas!$A$2:$B$8,2,0),52))=0),"P","")) | G37: =IF($A37="","",IF(AND(N(Actividades!$E19)>0,G$4>=Actividades!$E19,MOD(G$4-Actividades!$E19,IFERROR(VLOOKUP(Actividades!$D19,Listas!$A$2:$B$8,2,0),52))=0),"P","")) | H37: =IF($A37="","",IF(AND(N(Actividades!$E19)>0,H$4>=Actividades!$E19,MOD(H$4-Actividades!$E19,IFERROR(VLOOKUP(Actividades!$D19,Listas!$A$2:$B$8,2,0),52))=0),"P","")) | I37: =IF($A37="","",IF(AND(N(Actividades!$E19)>0,I$4>=Actividades!$E19,MOD(I$4-Actividades!$E19,IFERROR(VLOOKUP(Actividades!$D19,Listas!$A$2:$B$8,2,0),52))=0),"P","")) | J37: =IF($A37="","",IF(AND(N(Actividades!$E19)>0,J$4>=Actividades!$E19,MOD(J$4-Actividades!$E19,IFERROR(VLOOKUP(Actividades!$D19,Listas!$A$2:$B$8,2,0),52))=0),"P","")) | K37: =IF($A37="","",IF(AND(N(Actividades!$E19)>0,K$4>=Actividades!$E19,MOD(K$4-Actividades!$E19,IFERROR(VLOOKUP(Actividades!$D19,Listas!$A$2:$B$8,2,0),52))=0),"P","")) | ... BC37: =IF($A37="","",IF(AND(N(Actividades!$E19)>0,BC$4>=Actividades!$E19,MOD(BC$4-Actividades!$E19,IFERROR(VLOOKUP(Actividades!$D19,Listas!$A$2:$B$8,2,0),52))=0),"P","")) | BD37: =IF($A37="","",COUNTIF(D37:BC37,"P")) | BE37: =IF($A37="","",SUMPRODUCT((D37:BC37="P")*(D38:BC38="✓"))) | BF37: =IF($A37="","",IF(BD37=0,"",BE37/BD37))
C38: =IF($A37="","","Real") | D38: =IF($A37="","",IF(COUNTIFS(Historial!$B$3:$B$502,$A37,Historial!$C$3:$C$502,$B37,Historial!$G$3:$G$502,D$4,Historial!$H$3:$H$502,$B$2)>0,"✓","")) | E38: =IF($A37="","",IF(COUNTIFS(Historial!$B$3:$B$502,$A37,Historial!$C$3:$C$502,$B37,Historial!$G$3:$G$502,E$4,Historial!$H$3:$H$502,$B$2)>0,"✓","")) | F38: =IF($A37="","",IF(COUNTIFS(Historial!$B$3:$B$502,$A37,Historial!$C$3:$C$502,$B37,Historial!$G$3:$G$502,F$4,Historial!$H$3:$H$502,$B$2)>0,"✓","")) | G38: =IF($A37="","",IF(COUNTIFS(Historial!$B$3:$B$502,$A37,Historial!$C$3:$C$502,$B37,Historial!$G$3:$G$502,G$4,Historial!$H$3:$H$502,$B$2)>0,"✓","")) | H38: =IF($A37="","",IF(COUNTIFS(Historial!$B$3:$B$502,$A37,Historial!$C$3:$C$502,$B37,Historial!$G$3:$G$502,H$4,Historial!$H$3:$H$502,$B$2)>0,"✓","")) | I38: =IF($A37="","",IF(COUNTIFS(Historial!$B$3:$B$502,$A37,Historial!$C$3:$C$502,$B37,Historial!$G$3:$G$502,I$4,Historial!$H$3:$H$502,$B$2)>0,"✓","")) | J38: =IF($A37="","",IF(COUNTIFS(Historial!$B$3:$B$502,$A37,Historial!$C$3:$C$502,$B37,Historial!$G$3:$G$502,J$4,Historial!$H$3:$H$502,$B$2)>0,"✓","")) | K38: =IF($A37="","",IF(COUNTIFS(Historial!$B$3:$B$502,$A37,Historial!$C$3:$C$502,$B37,Historial!$G$3:$G$502,K$4,Historial!$H$3:$H$502,$B$2)>0,"✓","")) | ... BC38: =IF($A37="","",IF(COUNTIFS(Historial!$B$3:$B$502,$A37,Historial!$C$3:$C$502,$B37,Historial!$G$3:$G$502,BC$4,Historial!$H$3:$H$502,$B$2)>0,"✓",""))
A39: =IF(Actividades!$B20="","",Actividades!$B20) | B39: =IF(Actividades!$C20="","",Actividades!$C20) | C39: =IF($A39="","","Plan") | D39: =IF($A39="","",IF(AND(N(Actividades!$E20)>0,D$4>=Actividades!$E20,MOD(D$4-Actividades!$E20,IFERROR(VLOOKUP(Actividades!$D20,Listas!$A$2:$B$8,2,0),52))=0),"P","")) | E39: =IF($A39="","",IF(AND(N(Actividades!$E20)>0,E$4>=Actividades!$E20,MOD(E$4-Actividades!$E20,IFERROR(VLOOKUP(Actividades!$D20,Listas!$A$2:$B$8,2,0),52))=0),"P","")) | F39: =IF($A39="","",IF(AND(N(Actividades!$E20)>0,F$4>=Actividades!$E20,MOD(F$4-Actividades!$E20,IFERROR(VLOOKUP(Actividades!$D20,Listas!$A$2:$B$8,2,0),52))=0),"P","")) | G39: =IF($A39="","",IF(AND(N(Actividades!$E20)>0,G$4>=Actividades!$E20,MOD(G$4-Actividades!$E20,IFERROR(VLOOKUP(Actividades!$D20,Listas!$A$2:$B$8,2,0),52))=0),"P","")) | H39: =IF($A39="","",IF(AND(N(Actividades!$E20)>0,H$4>=Actividades!$E20,MOD(H$4-Actividades!$E20,IFERROR(VLOOKUP(Actividades!$D20,Listas!$A$2:$B$8,2,0),52))=0),"P","")) | I39: =IF($A39="","",IF(AND(N(Actividades!$E20)>0,I$4>=Actividades!$E20,MOD(I$4-Actividades!$E20,IFERROR(VLOOKUP(Actividades!$D20,Listas!$A$2:$B$8,2,0),52))=0),"P","")) | J39: =IF($A39="","",IF(AND(N(Actividades!$E20)>0,J$4>=Actividades!$E20,MOD(J$4-Actividades!$E20,IFERROR(VLOOKUP(Actividades!$D20,Listas!$A$2:$B$8,2,0),52))=0),"P","")) | K39: =IF($A39="","",IF(AND(N(Actividades!$E20)>0,K$4>=Actividades!$E20,MOD(K$4-Actividades!$E20,IFERROR(VLOOKUP(Actividades!$D20,Listas!$A$2:$B$8,2,0),52))=0),"P","")) | ... BC39: =IF($A39="","",IF(AND(N(Actividades!$E20)>0,BC$4>=Actividades!$E20,MOD(BC$4-Actividades!$E20,IFERROR(VLOOKUP(Actividades!$D20,Listas!$A$2:$B$8,2,0),52))=0),"P","")) | BD39: =IF($A39="","",COUNTIF(D39:BC39,"P")) | BE39: =IF($A39="","",SUMPRODUCT((D39:BC39="P")*(D40:BC40="✓"))) | BF39: =IF($A39="","",IF(BD39=0,"",BE39/BD39))
C40: =IF($A39="","","Real") | D40: =IF($A39="","",IF(COUNTIFS(Historial!$B$3:$B$502,$A39,Historial!$C$3:$C$502,$B39,Historial!$G$3:$G$502,D$4,Historial!$H$3:$H$502,$B$2)>0,"✓","")) | E40: =IF($A39="","",IF(COUNTIFS(Historial!$B$3:$B$502,$A39,Historial!$C$3:$C$502,$B39,Historial!$G$3:$G$502,E$4,Historial!$H$3:$H$502,$B$2)>0,"✓","")) | F40: =IF($A39="","",IF(COUNTIFS(Historial!$B$3:$B$502,$A39,Historial!$C$3:$C$502,$B39,Historial!$G$3:$G$502,F$4,Historial!$H$3:$H$502,$B$2)>0,"✓","")) | G40: =IF($A39="","",IF(COUNTIFS(Historial!$B$3:$B$502,$A39,Historial!$C$3:$C$502,$B39,Historial!$G$3:$G$502,G$4,Historial!$H$3:$H$502,$B$2)>0,"✓","")) | H40: =IF($A39="","",IF(COUNTIFS(Historial!$B$3:$B$502,$A39,Historial!$C$3:$C$502,$B39,Historial!$G$3:$G$502,H$4,Historial!$H$3:$H$502,$B$2)>0,"✓","")) | I40: =IF($A39="","",IF(COUNTIFS(Historial!$B$3:$B$502,$A39,Historial!$C$3:$C$502,$B39,Historial!$G$3:$G$502,I$4,Historial!$H$3:$H$502,$B$2)>0,"✓","")) | J40: =IF($A39="","",IF(COUNTIFS(Historial!$B$3:$B$502,$A39,Historial!$C$3:$C$502,$B39,Historial!$G$3:$G$502,J$4,Historial!$H$3:$H$502,$B$2)>0,"✓","")) | K40: =IF($A39="","",IF(COUNTIFS(Historial!$B$3:$B$502,$A39,Historial!$C$3:$C$502,$B39,Historial!$G$3:$G$502,K$4,Historial!$H$3:$H$502,$B$2)>0,"✓","")) | ... BC40: =IF($A39="","",IF(COUNTIFS(Historial!$B$3:$B$502,$A39,Historial!$C$3:$C$502,$B39,Historial!$G$3:$G$502,BC$4,Historial!$H$3:$H$502,$B$2)>0,"✓",""))
A41: =IF(Actividades!$B21="","",Actividades!$B21) | B41: =IF(Actividades!$C21="","",Actividades!$C21) | C41: =IF($A41="","","Plan") | D41: =IF($A41="","",IF(AND(N(Actividades!$E21)>0,D$4>=Actividades!$E21,MOD(D$4-Actividades!$E21,IFERROR(VLOOKUP(Actividades!$D21,Listas!$A$2:$B$8,2,0),52))=0),"P","")) | E41: =IF($A41="","",IF(AND(N(Actividades!$E21)>0,E$4>=Actividades!$E21,MOD(E$4-Actividades!$E21,IFERROR(VLOOKUP(Actividades!$D21,Listas!$A$2:$B$8,2,0),52))=0),"P","")) | F41: =IF($A41="","",IF(AND(N(Actividades!$E21)>0,F$4>=Actividades!$E21,MOD(F$4-Actividades!$E21,IFERROR(VLOOKUP(Actividades!$D21,Listas!$A$2:$B$8,2,0),52))=0),"P","")) | G41: =IF($A41="","",IF(AND(N(Actividades!$E21)>0,G$4>=Actividades!$E21,MOD(G$4-Actividades!$E21,IFERROR(VLOOKUP(Actividades!$D21,Listas!$A$2:$B$8,2,0),52))=0),"P","")) | H41: =IF($A41="","",IF(AND(N(Actividades!$E21)>0,H$4>=Actividades!$E21,MOD(H$4-Actividades!$E21,IFERROR(VLOOKUP(Actividades!$D21,Listas!$A$2:$B$8,2,0),52))=0),"P","")) | I41: =IF($A41="","",IF(AND(N(Actividades!$E21)>0,I$4>=Actividades!$E21,MOD(I$4-Actividades!$E21,IFERROR(VLOOKUP(Actividades!$D21,Listas!$A$2:$B$8,2,0),52))=0),"P","")) | J41: =IF($A41="","",IF(AND(N(Actividades!$E21)>0,J$4>=Actividades!$E21,MOD(J$4-Actividades!$E21,IFERROR(VLOOKUP(Actividades!$D21,Listas!$A$2:$B$8,2,0),52))=0),"P","")) | K41: =IF($A41="","",IF(AND(N(Actividades!$E21)>0,K$4>=Actividades!$E21,MOD(K$4-Actividades!$E21,IFERROR(VLOOKUP(Actividades!$D21,Listas!$A$2:$B$8,2,0),52))=0),"P","")) | ... BC41: =IF($A41="","",IF(AND(N(Actividades!$E21)>0,BC$4>=Actividades!$E21,MOD(BC$4-Actividades!$E21,IFERROR(VLOOKUP(Actividades!$D21,Listas!$A$2:$B$8,2,0),52))=0),"P","")) | BD41: =IF($A41="","",COUNTIF(D41:BC41,"P")) | BE41: =IF($A41="","",SUMPRODUCT((D41:BC41="P")*(D42:BC42="✓"))) | BF41: =IF($A41="","",IF(BD41=0,"",BE41/BD41))
C42: =IF($A41="","","Real") | D42: =IF($A41="","",IF(COUNTIFS(Historial!$B$3:$B$502,$A41,Historial!$C$3:$C$502,$B41,Historial!$G$3:$G$502,D$4,Historial!$H$3:$H$502,$B$2)>0,"✓","")) | E42: =IF($A41="","",IF(COUNTIFS(Historial!$B$3:$B$502,$A41,Historial!$C$3:$C$502,$B41,Historial!$G$3:$G$502,E$4,Historial!$H$3:$H$502,$B$2)>0,"✓","")) | F42: =IF($A41="","",IF(COUNTIFS(Historial!$B$3:$B$502,$A41,Historial!$C$3:$C$502,$B41,Historial!$G$3:$G$502,F$4,Historial!$H$3:$H$502,$B$2)>0,"✓","")) | G42: =IF($A41="","",IF(COUNTIFS(Historial!$B$3:$B$502,$A41,Historial!$C$3:$C$502,$B41,Historial!$G$3:$G$502,G$4,Historial!$H$3:$H$502,$B$2)>0,"✓","")) | H42: =IF($A41="","",IF(COUNTIFS(Historial!$B$3:$B$502,$A41,Historial!$C$3:$C$502,$B41,Historial!$G$3:$G$502,H$4,Historial!$H$3:$H$502,$B$2)>0,"✓","")) | I42: =IF($A41="","",IF(COUNTIFS(Historial!$B$3:$B$502,$A41,Historial!$C$3:$C$502,$B41,Historial!$G$3:$G$502,I$4,Historial!$H$3:$H$502,$B$2)>0,"✓","")) | J42: =IF($A41="","",IF(COUNTIFS(Historial!$B$3:$B$502,$A41,Historial!$C$3:$C$502,$B41,Historial!$G$3:$G$502,J$4,Historial!$H$3:$H$502,$B$2)>0,"✓","")) | K42: =IF($A41="","",IF(COUNTIFS(Historial!$B$3:$B$502,$A41,Historial!$C$3:$C$502,$B41,Historial!$G$3:$G$502,K$4,Historial!$H$3:$H$502,$B$2)>0,"✓","")) | ... BC42: =IF($A41="","",IF(COUNTIFS(Historial!$B$3:$B$502,$A41,Historial!$C$3:$C$502,$B41,Historial!$G$3:$G$502,BC$4,Historial!$H$3:$H$502,$B$2)>0,"✓",""))
A43: =IF(Actividades!$B22="","",Actividades!$B22) | B43: =IF(Actividades!$C22="","",Actividades!$C22) | C43: =IF($A43="","","Plan") | D43: =IF($A43="","",IF(AND(N(Actividades!$E22)>0,D$4>=Actividades!$E22,MOD(D$4-Actividades!$E22,IFERROR(VLOOKUP(Actividades!$D22,Listas!$A$2:$B$8,2,0),52))=0),"P","")) | E43: =IF($A43="","",IF(AND(N(Actividades!$E22)>0,E$4>=Actividades!$E22,MOD(E$4-Actividades!$E22,IFERROR(VLOOKUP(Actividades!$D22,Listas!$A$2:$B$8,2,0),52))=0),"P","")) | F43: =IF($A43="","",IF(AND(N(Actividades!$E22)>0,F$4>=Actividades!$E22,MOD(F$4-Actividades!$E22,IFERROR(VLOOKUP(Actividades!$D22,Listas!$A$2:$B$8,2,0),52))=0),"P","")) | G43: =IF($A43="","",IF(AND(N(Actividades!$E22)>0,G$4>=Actividades!$E22,MOD(G$4-Actividades!$E22,IFERROR(VLOOKUP(Actividades!$D22,Listas!$A$2:$B$8,2,0),52))=0),"P","")) | H43: =IF($A43="","",IF(AND(N(Actividades!$E22)>0,H$4>=Actividades!$E22,MOD(H$4-Actividades!$E22,IFERROR(VLOOKUP(Actividades!$D22,Listas!$A$2:$B$8,2,0),52))=0),"P","")) | I43: =IF($A43="","",IF(AND(N(Actividades!$E22)>0,I$4>=Actividades!$E22,MOD(I$4-Actividades!$E22,IFERROR(VLOOKUP(Actividades!$D22,Listas!$A$2:$B$8,2,0),52))=0),"P","")) | J43: =IF($A43="","",IF(AND(N(Actividades!$E22)>0,J$4>=Actividades!$E22,MOD(J$4-Actividades!$E22,IFERROR(VLOOKUP(Actividades!$D22,Listas!$A$2:$B$8,2,0),52))=0),"P","")) | K43: =IF($A43="","",IF(AND(N(Actividades!$E22)>0,K$4>=Actividades!$E22,MOD(K$4-Actividades!$E22,IFERROR(VLOOKUP(Actividades!$D22,Listas!$A$2:$B$8,2,0),52))=0),"P","")) | ... BC43: =IF($A43="","",IF(AND(N(Actividades!$E22)>0,BC$4>=Actividades!$E22,MOD(BC$4-Actividades!$E22,IFERROR(VLOOKUP(Actividades!$D22,Listas!$A$2:$B$8,2,0),52))=0),"P","")) | BD43: =IF($A43="","",COUNTIF(D43:BC43,"P")) | BE43: =IF($A43="","",SUMPRODUCT((D43:BC43="P")*(D44:BC44="✓"))) | BF43: =IF($A43="","",IF(BD43=0,"",BE43/BD43))
C44: =IF($A43="","","Real") | D44: =IF($A43="","",IF(COUNTIFS(Historial!$B$3:$B$502,$A43,Historial!$C$3:$C$502,$B43,Historial!$G$3:$G$502,D$4,Historial!$H$3:$H$502,$B$2)>0,"✓","")) | E44: =IF($A43="","",IF(COUNTIFS(Historial!$B$3:$B$502,$A43,Historial!$C$3:$C$502,$B43,Historial!$G$3:$G$502,E$4,Historial!$H$3:$H$502,$B$2)>0,"✓","")) | F44: =IF($A43="","",IF(COUNTIFS(Historial!$B$3:$B$502,$A43,Historial!$C$3:$C$502,$B43,Historial!$G$3:$G$502,F$4,Historial!$H$3:$H$502,$B$2)>0,"✓","")) | G44: =IF($A43="","",IF(COUNTIFS(Historial!$B$3:$B$502,$A43,Historial!$C$3:$C$502,$B43,Historial!$G$3:$G$502,G$4,Historial!$H$3:$H$502,$B$2)>0,"✓","")) | H44: =IF($A43="","",IF(COUNTIFS(Historial!$B$3:$B$502,$A43,Historial!$C$3:$C$502,$B43,Historial!$G$3:$G$502,H$4,Historial!$H$3:$H$502,$B$2)>0,"✓","")) | I44: =IF($A43="","",IF(COUNTIFS(Historial!$B$3:$B$502,$A43,Historial!$C$3:$C$502,$B43,Historial!$G$3:$G$502,I$4,Historial!$H$3:$H$502,$B$2)>0,"✓","")) | J44: =IF($A43="","",IF(COUNTIFS(Historial!$B$3:$B$502,$A43,Historial!$C$3:$C$502,$B43,Historial!$G$3:$G$502,J$4,Historial!$H$3:$H$502,$B$2)>0,"✓","")) | K44: =IF($A43="","",IF(COUNTIFS(Historial!$B$3:$B$502,$A43,Historial!$C$3:$C$502,$B43,Historial!$G$3:$G$502,K$4,Historial!$H$3:$H$502,$B$2)>0,"✓","")) | ... BC44: =IF($A43="","",IF(COUNTIFS(Historial!$B$3:$B$502,$A43,Historial!$C$3:$C$502,$B43,Historial!$G$3:$G$502,BC$4,Historial!$H$3:$H$502,$B$2)>0,"✓",""))
A45: =IF(Actividades!$B23="","",Actividades!$B23) | B45: =IF(Actividades!$C23="","",Actividades!$C23) | C45: =IF($A45="","","Plan") | D45: =IF($A45="","",IF(AND(N(Actividades!$E23)>0,D$4>=Actividades!$E23,MOD(D$4-Actividades!$E23,IFERROR(VLOOKUP(Actividades!$D23,Listas!$A$2:$B$8,2,0),52))=0),"P","")) | E45: =IF($A45="","",IF(AND(N(Actividades!$E23)>0,E$4>=Actividades!$E23,MOD(E$4-Actividades!$E23,IFERROR(VLOOKUP(Actividades!$D23,Listas!$A$2:$B$8,2,0),52))=0),"P","")) | F45: =IF($A45="","",IF(AND(N(Actividades!$E23)>0,F$4>=Actividades!$E23,MOD(F$4-Actividades!$E23,IFERROR(VLOOKUP(Actividades!$D23,Listas!$A$2:$B$8,2,0),52))=0),"P","")) | G45: =IF($A45="","",IF(AND(N(Actividades!$E23)>0,G$4>=Actividades!$E23,MOD(G$4-Actividades!$E23,IFERROR(VLOOKUP(Actividades!$D23,Listas!$A$2:$B$8,2,0),52))=0),"P","")) | H45: =IF($A45="","",IF(AND(N(Actividades!$E23)>0,H$4>=Actividades!$E23,MOD(H$4-Actividades!$E23,IFERROR(VLOOKUP(Actividades!$D23,Listas!$A$2:$B$8,2,0),52))=0),"P","")) | I45: =IF($A45="","",IF(AND(N(Actividades!$E23)>0,I$4>=Actividades!$E23,MOD(I$4-Actividades!$E23,IFERROR(VLOOKUP(Actividades!$D23,Listas!$A$2:$B$8,2,0),52))=0),"P","")) | J45: =IF($A45="","",IF(AND(N(Actividades!$E23)>0,J$4>=Actividades!$E23,MOD(J$4-Actividades!$E23,IFERROR(VLOOKUP(Actividades!$D23,Listas!$A$2:$B$8,2,0),52))=0),"P","")) | K45: =IF($A45="","",IF(AND(N(Actividades!$E23)>0,K$4>=Actividades!$E23,MOD(K$4-Actividades!$E23,IFERROR(VLOOKUP(Actividades!$D23,Listas!$A$2:$B$8,2,0),52))=0),"P","")) | ... BC45: =IF($A45="","",IF(AND(N(Actividades!$E23)>0,BC$4>=Actividades!$E23,MOD(BC$4-Actividades!$E23,IFERROR(VLOOKUP(Actividades!$D23,Listas!$A$2:$B$8,2,0),52))=0),"P","")) | BD45: =IF($A45="","",COUNTIF(D45:BC45,"P")) | BE45: =IF($A45="","",SUMPRODUCT((D45:BC45="P")*(D46:BC46="✓"))) | BF45: =IF($A45="","",IF(BD45=0,"",BE45/BD45))
C46: =IF($A45="","","Real") | D46: =IF($A45="","",IF(COUNTIFS(Historial!$B$3:$B$502,$A45,Historial!$C$3:$C$502,$B45,Historial!$G$3:$G$502,D$4,Historial!$H$3:$H$502,$B$2)>0,"✓","")) | E46: =IF($A45="","",IF(COUNTIFS(Historial!$B$3:$B$502,$A45,Historial!$C$3:$C$502,$B45,Historial!$G$3:$G$502,E$4,Historial!$H$3:$H$502,$B$2)>0,"✓","")) | F46: =IF($A45="","",IF(COUNTIFS(Historial!$B$3:$B$502,$A45,Historial!$C$3:$C$502,$B45,Historial!$G$3:$G$502,F$4,Historial!$H$3:$H$502,$B$2)>0,"✓","")) | G46: =IF($A45="","",IF(COUNTIFS(Historial!$B$3:$B$502,$A45,Historial!$C$3:$C$502,$B45,Historial!$G$3:$G$502,G$4,Historial!$H$3:$H$502,$B$2)>0,"✓","")) | H46: =IF($A45="","",IF(COUNTIFS(Historial!$B$3:$B$502,$A45,Historial!$C$3:$C$502,$B45,Historial!$G$3:$G$502,H$4,Historial!$H$3:$H$502,$B$2)>0,"✓","")) | I46: =IF($A45="","",IF(COUNTIFS(Historial!$B$3:$B$502,$A45,Historial!$C$3:$C$502,$B45,Historial!$G$3:$G$502,I$4,Historial!$H$3:$H$502,$B$2)>0,"✓","")) | J46: =IF($A45="","",IF(COUNTIFS(Historial!$B$3:$B$502,$A45,Historial!$C$3:$C$502,$B45,Historial!$G$3:$G$502,J$4,Historial!$H$3:$H$502,$B$2)>0,"✓","")) | K46: =IF($A45="","",IF(COUNTIFS(Historial!$B$3:$B$502,$A45,Historial!$C$3:$C$502,$B45,Historial!$G$3:$G$502,K$4,Historial!$H$3:$H$502,$B$2)>0,"✓","")) | ... BC46: =IF($A45="","",IF(COUNTIFS(Historial!$B$3:$B$502,$A45,Historial!$C$3:$C$502,$B45,Historial!$G$3:$G$502,BC$4,Historial!$H$3:$H$502,$B$2)>0,"✓",""))
A47: =IF(Actividades!$B24="","",Actividades!$B24) | B47: =IF(Actividades!$C24="","",Actividades!$C24) | C47: =IF($A47="","","Plan") | D47: =IF($A47="","",IF(AND(N(Actividades!$E24)>0,D$4>=Actividades!$E24,MOD(D$4-Actividades!$E24,IFERROR(VLOOKUP(Actividades!$D24,Listas!$A$2:$B$8,2,0),52))=0),"P","")) | E47: =IF($A47="","",IF(AND(N(Actividades!$E24)>0,E$4>=Actividades!$E24,MOD(E$4-Actividades!$E24,IFERROR(VLOOKUP(Actividades!$D24,Listas!$A$2:$B$8,2,0),52))=0),"P","")) | F47: =IF($A47="","",IF(AND(N(Actividades!$E24)>0,F$4>=Actividades!$E24,MOD(F$4-Actividades!$E24,IFERROR(VLOOKUP(Actividades!$D24,Listas!$A$2:$B$8,2,0),52))=0),"P","")) | G47: =IF($A47="","",IF(AND(N(Actividades!$E24)>0,G$4>=Actividades!$E24,MOD(G$4-Actividades!$E24,IFERROR(VLOOKUP(Actividades!$D24,Listas!$A$2:$B$8,2,0),52))=0),"P","")) | H47: =IF($A47="","",IF(AND(N(Actividades!$E24)>0,H$4>=Actividades!$E24,MOD(H$4-Actividades!$E24,IFERROR(VLOOKUP(Actividades!$D24,Listas!$A$2:$B$8,2,0),52))=0),"P","")) | I47: =IF($A47="","",IF(AND(N(Actividades!$E24)>0,I$4>=Actividades!$E24,MOD(I$4-Actividades!$E24,IFERROR(VLOOKUP(Actividades!$D24,Listas!$A$2:$B$8,2,0),52))=0),"P","")) | J47: =IF($A47="","",IF(AND(N(Actividades!$E24)>0,J$4>=Actividades!$E24,MOD(J$4-Actividades!$E24,IFERROR(VLOOKUP(Actividades!$D24,Listas!$A$2:$B$8,2,0),52))=0),"P","")) | K47: =IF($A47="","",IF(AND(N(Actividades!$E24)>0,K$4>=Actividades!$E24,MOD(K$4-Actividades!$E24,IFERROR(VLOOKUP(Actividades!$D24,Listas!$A$2:$B$8,2,0),52))=0),"P","")) | ... BC47: =IF($A47="","",IF(AND(N(Actividades!$E24)>0,BC$4>=Actividades!$E24,MOD(BC$4-Actividades!$E24,IFERROR(VLOOKUP(Actividades!$D24,Listas!$A$2:$B$8,2,0),52))=0),"P","")) | BD47: =IF($A47="","",COUNTIF(D47:BC47,"P")) | BE47: =IF($A47="","",SUMPRODUCT((D47:BC47="P")*(D48:BC48="✓"))) | BF47: =IF($A47="","",IF(BD47=0,"",BE47/BD47))
C48: =IF($A47="","","Real") | D48: =IF($A47="","",IF(COUNTIFS(Historial!$B$3:$B$502,$A47,Historial!$C$3:$C$502,$B47,Historial!$G$3:$G$502,D$4,Historial!$H$3:$H$502,$B$2)>0,"✓","")) | E48: =IF($A47="","",IF(COUNTIFS(Historial!$B$3:$B$502,$A47,Historial!$C$3:$C$502,$B47,Historial!$G$3:$G$502,E$4,Historial!$H$3:$H$502,$B$2)>0,"✓","")) | F48: =IF($A47="","",IF(COUNTIFS(Historial!$B$3:$B$502,$A47,Historial!$C$3:$C$502,$B47,Historial!$G$3:$G$502,F$4,Historial!$H$3:$H$502,$B$2)>0,"✓","")) | G48: =IF($A47="","",IF(COUNTIFS(Historial!$B$3:$B$502,$A47,Historial!$C$3:$C$502,$B47,Historial!$G$3:$G$502,G$4,Historial!$H$3:$H$502,$B$2)>0,"✓","")) | H48: =IF($A47="","",IF(COUNTIFS(Historial!$B$3:$B$502,$A47,Historial!$C$3:$C$502,$B47,Historial!$G$3:$G$502,H$4,Historial!$H$3:$H$502,$B$2)>0,"✓","")) | I48: =IF($A47="","",IF(COUNTIFS(Historial!$B$3:$B$502,$A47,Historial!$C$3:$C$502,$B47,Historial!$G$3:$G$502,I$4,Historial!$H$3:$H$502,$B$2)>0,"✓","")) | J48: =IF($A47="","",IF(COUNTIFS(Historial!$B$3:$B$502,$A47,Historial!$C$3:$C$502,$B47,Historial!$G$3:$G$502,J$4,Historial!$H$3:$H$502,$B$2)>0,"✓","")) | K48: =IF($A47="","",IF(COUNTIFS(Historial!$B$3:$B$502,$A47,Historial!$C$3:$C$502,$B47,Historial!$G$3:$G$502,K$4,Historial!$H$3:$H$502,$B$2)>0,"✓","")) | ... BC48: =IF($A47="","",IF(COUNTIFS(Historial!$B$3:$B$502,$A47,Historial!$C$3:$C$502,$B47,Historial!$G$3:$G$502,BC$4,Historial!$H$3:$H$502,$B$2)>0,"✓",""))
A49: =IF(Actividades!$B25="","",Actividades!$B25) | B49: =IF(Actividades!$C25="","",Actividades!$C25) | C49: =IF($A49="","","Plan") | D49: =IF($A49="","",IF(AND(N(Actividades!$E25)>0,D$4>=Actividades!$E25,MOD(D$4-Actividades!$E25,IFERROR(VLOOKUP(Actividades!$D25,Listas!$A$2:$B$8,2,0),52))=0),"P","")) | E49: =IF($A49="","",IF(AND(N(Actividades!$E25)>0,E$4>=Actividades!$E25,MOD(E$4-Actividades!$E25,IFERROR(VLOOKUP(Actividades!$D25,Listas!$A$2:$B$8,2,0),52))=0),"P","")) | F49: =IF($A49="","",IF(AND(N(Actividades!$E25)>0,F$4>=Actividades!$E25,MOD(F$4-Actividades!$E25,IFERROR(VLOOKUP(Actividades!$D25,Listas!$A$2:$B$8,2,0),52))=0),"P","")) | G49: =IF($A49="","",IF(AND(N(Actividades!$E25)>0,G$4>=Actividades!$E25,MOD(G$4-Actividades!$E25,IFERROR(VLOOKUP(Actividades!$D25,Listas!$A$2:$B$8,2,0),52))=0),"P","")) | H49: =IF($A49="","",IF(AND(N(Actividades!$E25)>0,H$4>=Actividades!$E25,MOD(H$4-Actividades!$E25,IFERROR(VLOOKUP(Actividades!$D25,Listas!$A$2:$B$8,2,0),52))=0),"P","")) | I49: =IF($A49="","",IF(AND(N(Actividades!$E25)>0,I$4>=Actividades!$E25,MOD(I$4-Actividades!$E25,IFERROR(VLOOKUP(Actividades!$D25,Listas!$A$2:$B$8,2,0),52))=0),"P","")) | J49: =IF($A49="","",IF(AND(N(Actividades!$E25)>0,J$4>=Actividades!$E25,MOD(J$4-Actividades!$E25,IFERROR(VLOOKUP(Actividades!$D25,Listas!$A$2:$B$8,2,0),52))=0),"P","")) | K49: =IF($A49="","",IF(AND(N(Actividades!$E25)>0,K$4>=Actividades!$E25,MOD(K$4-Actividades!$E25,IFERROR(VLOOKUP(Actividades!$D25,Listas!$A$2:$B$8,2,0),52))=0),"P","")) | ... BC49: =IF($A49="","",IF(AND(N(Actividades!$E25)>0,BC$4>=Actividades!$E25,MOD(BC$4-Actividades!$E25,IFERROR(VLOOKUP(Actividades!$D25,Listas!$A$2:$B$8,2,0),52))=0),"P","")) | BD49: =IF($A49="","",COUNTIF(D49:BC49,"P")) | BE49: =IF($A49="","",SUMPRODUCT((D49:BC49="P")*(D50:BC50="✓"))) | BF49: =IF($A49="","",IF(BD49=0,"",BE49/BD49))
C50: =IF($A49="","","Real") | D50: =IF($A49="","",IF(COUNTIFS(Historial!$B$3:$B$502,$A49,Historial!$C$3:$C$502,$B49,Historial!$G$3:$G$502,D$4,Historial!$H$3:$H$502,$B$2)>0,"✓","")) | E50: =IF($A49="","",IF(COUNTIFS(Historial!$B$3:$B$502,$A49,Historial!$C$3:$C$502,$B49,Historial!$G$3:$G$502,E$4,Historial!$H$3:$H$502,$B$2)>0,"✓","")) | F50: =IF($A49="","",IF(COUNTIFS(Historial!$B$3:$B$502,$A49,Historial!$C$3:$C$502,$B49,Historial!$G$3:$G$502,F$4,Historial!$H$3:$H$502,$B$2)>0,"✓","")) | G50: =IF($A49="","",IF(COUNTIFS(Historial!$B$3:$B$502,$A49,Historial!$C$3:$C$502,$B49,Historial!$G$3:$G$502,G$4,Historial!$H$3:$H$502,$B$2)>0,"✓","")) | H50: =IF($A49="","",IF(COUNTIFS(Historial!$B$3:$B$502,$A49,Historial!$C$3:$C$502,$B49,Historial!$G$3:$G$502,H$4,Historial!$H$3:$H$502,$B$2)>0,"✓","")) | I50: =IF($A49="","",IF(COUNTIFS(Historial!$B$3:$B$502,$A49,Historial!$C$3:$C$502,$B49,Historial!$G$3:$G$502,I$4,Historial!$H$3:$H$502,$B$2)>0,"✓","")) | J50: =IF($A49="","",IF(COUNTIFS(Historial!$B$3:$B$502,$A49,Historial!$C$3:$C$502,$B49,Historial!$G$3:$G$502,J$4,Historial!$H$3:$H$502,$B$2)>0,"✓","")) | K50: =IF($A49="","",IF(COUNTIFS(Historial!$B$3:$B$502,$A49,Historial!$C$3:$C$502,$B49,Historial!$G$3:$G$502,K$4,Historial!$H$3:$H$502,$B$2)>0,"✓","")) | ... BC50: =IF($A49="","",IF(COUNTIFS(Historial!$B$3:$B$502,$A49,Historial!$C$3:$C$502,$B49,Historial!$G$3:$G$502,BC$4,Historial!$H$3:$H$502,$B$2)>0,"✓",""))
A51: =IF(Actividades!$B26="","",Actividades!$B26) | B51: =IF(Actividades!$C26="","",Actividades!$C26) | C51: =IF($A51="","","Plan") | D51: =IF($A51="","",IF(AND(N(Actividades!$E26)>0,D$4>=Actividades!$E26,MOD(D$4-Actividades!$E26,IFERROR(VLOOKUP(Actividades!$D26,Listas!$A$2:$B$8,2,0),52))=0),"P","")) | E51: =IF($A51="","",IF(AND(N(Actividades!$E26)>0,E$4>=Actividades!$E26,MOD(E$4-Actividades!$E26,IFERROR(VLOOKUP(Actividades!$D26,Listas!$A$2:$B$8,2,0),52))=0),"P","")) | F51: =IF($A51="","",IF(AND(N(Actividades!$E26)>0,F$4>=Actividades!$E26,MOD(F$4-Actividades!$E26,IFERROR(VLOOKUP(Actividades!$D26,Listas!$A$2:$B$8,2,0),52))=0),"P","")) | G51: =IF($A51="","",IF(AND(N(Actividades!$E26)>0,G$4>=Actividades!$E26,MOD(G$4-Actividades!$E26,IFERROR(VLOOKUP(Actividades!$D26,Listas!$A$2:$B$8,2,0),52))=0),"P","")) | H51: =IF($A51="","",IF(AND(N(Actividades!$E26)>0,H$4>=Actividades!$E26,MOD(H$4-Actividades!$E26,IFERROR(VLOOKUP(Actividades!$D26,Listas!$A$2:$B$8,2,0),52))=0),"P","")) | I51: =IF($A51="","",IF(AND(N(Actividades!$E26)>0,I$4>=Actividades!$E26,MOD(I$4-Actividades!$E26,IFERROR(VLOOKUP(Actividades!$D26,Listas!$A$2:$B$8,2,0),52))=0),"P","")) | J51: =IF($A51="","",IF(AND(N(Actividades!$E26)>0,J$4>=Actividades!$E26,MOD(J$4-Actividades!$E26,IFERROR(VLOOKUP(Actividades!$D26,Listas!$A$2:$B$8,2,0),52))=0),"P","")) | K51: =IF($A51="","",IF(AND(N(Actividades!$E26)>0,K$4>=Actividades!$E26,MOD(K$4-Actividades!$E26,IFERROR(VLOOKUP(Actividades!$D26,Listas!$A$2:$B$8,2,0),52))=0),"P","")) | ... BC51: =IF($A51="","",IF(AND(N(Actividades!$E26)>0,BC$4>=Actividades!$E26,MOD(BC$4-Actividades!$E26,IFERROR(VLOOKUP(Actividades!$D26,Listas!$A$2:$B$8,2,0),52))=0),"P","")) | BD51: =IF($A51="","",COUNTIF(D51:BC51,"P")) | BE51: =IF($A51="","",SUMPRODUCT((D51:BC51="P")*(D52:BC52="✓"))) | BF51: =IF($A51="","",IF(BD51=0,"",BE51/BD51))
C52: =IF($A51="","","Real") | D52: =IF($A51="","",IF(COUNTIFS(Historial!$B$3:$B$502,$A51,Historial!$C$3:$C$502,$B51,Historial!$G$3:$G$502,D$4,Historial!$H$3:$H$502,$B$2)>0,"✓","")) | E52: =IF($A51="","",IF(COUNTIFS(Historial!$B$3:$B$502,$A51,Historial!$C$3:$C$502,$B51,Historial!$G$3:$G$502,E$4,Historial!$H$3:$H$502,$B$2)>0,"✓","")) | F52: =IF($A51="","",IF(COUNTIFS(Historial!$B$3:$B$502,$A51,Historial!$C$3:$C$502,$B51,Historial!$G$3:$G$502,F$4,Historial!$H$3:$H$502,$B$2)>0,"✓","")) | G52: =IF($A51="","",IF(COUNTIFS(Historial!$B$3:$B$502,$A51,Historial!$C$3:$C$502,$B51,Historial!$G$3:$G$502,G$4,Historial!$H$3:$H$502,$B$2)>0,"✓","")) | H52: =IF($A51="","",IF(COUNTIFS(Historial!$B$3:$B$502,$A51,Historial!$C$3:$C$502,$B51,Historial!$G$3:$G$502,H$4,Historial!$H$3:$H$502,$B$2)>0,"✓","")) | I52: =IF($A51="","",IF(COUNTIFS(Historial!$B$3:$B$502,$A51,Historial!$C$3:$C$502,$B51,Historial!$G$3:$G$502,I$4,Historial!$H$3:$H$502,$B$2)>0,"✓","")) | J52: =IF($A51="","",IF(COUNTIFS(Historial!$B$3:$B$502,$A51,Historial!$C$3:$C$502,$B51,Historial!$G$3:$G$502,J$4,Historial!$H$3:$H$502,$B$2)>0,"✓","")) | K52: =IF($A51="","",IF(COUNTIFS(Historial!$B$3:$B$502,$A51,Historial!$C$3:$C$502,$B51,Historial!$G$3:$G$502,K$4,Historial!$H$3:$H$502,$B$2)>0,"✓","")) | ... BC52: =IF($A51="","",IF(COUNTIFS(Historial!$B$3:$B$502,$A51,Historial!$C$3:$C$502,$B51,Historial!$G$3:$G$502,BC$4,Historial!$H$3:$H$502,$B$2)>0,"✓",""))
A53: =IF(Actividades!$B27="","",Actividades!$B27) | B53: =IF(Actividades!$C27="","",Actividades!$C27) | C53: =IF($A53="","","Plan") | D53: =IF($A53="","",IF(AND(N(Actividades!$E27)>0,D$4>=Actividades!$E27,MOD(D$4-Actividades!$E27,IFERROR(VLOOKUP(Actividades!$D27,Listas!$A$2:$B$8,2,0),52))=0),"P","")) | E53: =IF($A53="","",IF(AND(N(Actividades!$E27)>0,E$4>=Actividades!$E27,MOD(E$4-Actividades!$E27,IFERROR(VLOOKUP(Actividades!$D27,Listas!$A$2:$B$8,2,0),52))=0),"P","")) | F53: =IF($A53="","",IF(AND(N(Actividades!$E27)>0,F$4>=Actividades!$E27,MOD(F$4-Actividades!$E27,IFERROR(VLOOKUP(Actividades!$D27,Listas!$A$2:$B$8,2,0),52))=0),"P","")) | G53: =IF($A53="","",IF(AND(N(Actividades!$E27)>0,G$4>=Actividades!$E27,MOD(G$4-Actividades!$E27,IFERROR(VLOOKUP(Actividades!$D27,Listas!$A$2:$B$8,2,0),52))=0),"P","")) | H53: =IF($A53="","",IF(AND(N(Actividades!$E27)>0,H$4>=Actividades!$E27,MOD(H$4-Actividades!$E27,IFERROR(VLOOKUP(Actividades!$D27,Listas!$A$2:$B$8,2,0),52))=0),"P","")) | I53: =IF($A53="","",IF(AND(N(Actividades!$E27)>0,I$4>=Actividades!$E27,MOD(I$4-Actividades!$E27,IFERROR(VLOOKUP(Actividades!$D27,Listas!$A$2:$B$8,2,0),52))=0),"P","")) | J53: =IF($A53="","",IF(AND(N(Actividades!$E27)>0,J$4>=Actividades!$E27,MOD(J$4-Actividades!$E27,IFERROR(VLOOKUP(Actividades!$D27,Listas!$A$2:$B$8,2,0),52))=0),"P","")) | K53: =IF($A53="","",IF(AND(N(Actividades!$E27)>0,K$4>=Actividades!$E27,MOD(K$4-Actividades!$E27,IFERROR(VLOOKUP(Actividades!$D27,Listas!$A$2:$B$8,2,0),52))=0),"P","")) | ... BC53: =IF($A53="","",IF(AND(N(Actividades!$E27)>0,BC$4>=Actividades!$E27,MOD(BC$4-Actividades!$E27,IFERROR(VLOOKUP(Actividades!$D27,Listas!$A$2:$B$8,2,0),52))=0),"P","")) | BD53: =IF($A53="","",COUNTIF(D53:BC53,"P")) | BE53: =IF($A53="","",SUMPRODUCT((D53:BC53="P")*(D54:BC54="✓"))) | BF53: =IF($A53="","",IF(BD53=0,"",BE53/BD53))
C54: =IF($A53="","","Real") | D54: =IF($A53="","",IF(COUNTIFS(Historial!$B$3:$B$502,$A53,Historial!$C$3:$C$502,$B53,Historial!$G$3:$G$502,D$4,Historial!$H$3:$H$502,$B$2)>0,"✓","")) | E54: =IF($A53="","",IF(COUNTIFS(Historial!$B$3:$B$502,$A53,Historial!$C$3:$C$502,$B53,Historial!$G$3:$G$502,E$4,Historial!$H$3:$H$502,$B$2)>0,"✓","")) | F54: =IF($A53="","",IF(COUNTIFS(Historial!$B$3:$B$502,$A53,Historial!$C$3:$C$502,$B53,Historial!$G$3:$G$502,F$4,Historial!$H$3:$H$502,$B$2)>0,"✓","")) | G54: =IF($A53="","",IF(COUNTIFS(Historial!$B$3:$B$502,$A53,Historial!$C$3:$C$502,$B53,Historial!$G$3:$G$502,G$4,Historial!$H$3:$H$502,$B$2)>0,"✓","")) | H54: =IF($A53="","",IF(COUNTIFS(Historial!$B$3:$B$502,$A53,Historial!$C$3:$C$502,$B53,Historial!$G$3:$G$502,H$4,Historial!$H$3:$H$502,$B$2)>0,"✓","")) | I54: =IF($A53="","",IF(COUNTIFS(Historial!$B$3:$B$502,$A53,Historial!$C$3:$C$502,$B53,Historial!$G$3:$G$502,I$4,Historial!$H$3:$H$502,$B$2)>0,"✓","")) | J54: =IF($A53="","",IF(COUNTIFS(Historial!$B$3:$B$502,$A53,Historial!$C$3:$C$502,$B53,Historial!$G$3:$G$502,J$4,Historial!$H$3:$H$502,$B$2)>0,"✓","")) | K54: =IF($A53="","",IF(COUNTIFS(Historial!$B$3:$B$502,$A53,Historial!$C$3:$C$502,$B53,Historial!$G$3:$G$502,K$4,Historial!$H$3:$H$502,$B$2)>0,"✓","")) | ... BC54: =IF($A53="","",IF(COUNTIFS(Historial!$B$3:$B$502,$A53,Historial!$C$3:$C$502,$B53,Historial!$G$3:$G$502,BC$4,Historial!$H$3:$H$502,$B$2)>0,"✓",""))
A55: =IF(Actividades!$B28="","",Actividades!$B28) | B55: =IF(Actividades!$C28="","",Actividades!$C28) | C55: =IF($A55="","","Plan") | D55: =IF($A55="","",IF(AND(N(Actividades!$E28)>0,D$4>=Actividades!$E28,MOD(D$4-Actividades!$E28,IFERROR(VLOOKUP(Actividades!$D28,Listas!$A$2:$B$8,2,0),52))=0),"P","")) | E55: =IF($A55="","",IF(AND(N(Actividades!$E28)>0,E$4>=Actividades!$E28,MOD(E$4-Actividades!$E28,IFERROR(VLOOKUP(Actividades!$D28,Listas!$A$2:$B$8,2,0),52))=0),"P","")) | F55: =IF($A55="","",IF(AND(N(Actividades!$E28)>0,F$4>=Actividades!$E28,MOD(F$4-Actividades!$E28,IFERROR(VLOOKUP(Actividades!$D28,Listas!$A$2:$B$8,2,0),52))=0),"P","")) | G55: =IF($A55="","",IF(AND(N(Actividades!$E28)>0,G$4>=Actividades!$E28,MOD(G$4-Actividades!$E28,IFERROR(VLOOKUP(Actividades!$D28,Listas!$A$2:$B$8,2,0),52))=0),"P","")) | H55: =IF($A55="","",IF(AND(N(Actividades!$E28)>0,H$4>=Actividades!$E28,MOD(H$4-Actividades!$E28,IFERROR(VLOOKUP(Actividades!$D28,Listas!$A$2:$B$8,2,0),52))=0),"P","")) | I55: =IF($A55="","",IF(AND(N(Actividades!$E28)>0,I$4>=Actividades!$E28,MOD(I$4-Actividades!$E28,IFERROR(VLOOKUP(Actividades!$D28,Listas!$A$2:$B$8,2,0),52))=0),"P","")) | J55: =IF($A55="","",IF(AND(N(Actividades!$E28)>0,J$4>=Actividades!$E28,MOD(J$4-Actividades!$E28,IFERROR(VLOOKUP(Actividades!$D28,Listas!$A$2:$B$8,2,0),52))=0),"P","")) | K55: =IF($A55="","",IF(AND(N(Actividades!$E28)>0,K$4>=Actividades!$E28,MOD(K$4-Actividades!$E28,IFERROR(VLOOKUP(Actividades!$D28,Listas!$A$2:$B$8,2,0),52))=0),"P","")) | ... BC55: =IF($A55="","",IF(AND(N(Actividades!$E28)>0,BC$4>=Actividades!$E28,MOD(BC$4-Actividades!$E28,IFERROR(VLOOKUP(Actividades!$D28,Listas!$A$2:$B$8,2,0),52))=0),"P","")) | BD55: =IF($A55="","",COUNTIF(D55:BC55,"P")) | BE55: =IF($A55="","",SUMPRODUCT((D55:BC55="P")*(D56:BC56="✓"))) | BF55: =IF($A55="","",IF(BD55=0,"",BE55/BD55))
C56: =IF($A55="","","Real") | D56: =IF($A55="","",IF(COUNTIFS(Historial!$B$3:$B$502,$A55,Historial!$C$3:$C$502,$B55,Historial!$G$3:$G$502,D$4,Historial!$H$3:$H$502,$B$2)>0,"✓","")) | E56: =IF($A55="","",IF(COUNTIFS(Historial!$B$3:$B$502,$A55,Historial!$C$3:$C$502,$B55,Historial!$G$3:$G$502,E$4,Historial!$H$3:$H$502,$B$2)>0,"✓","")) | F56: =IF($A55="","",IF(COUNTIFS(Historial!$B$3:$B$502,$A55,Historial!$C$3:$C$502,$B55,Historial!$G$3:$G$502,F$4,Historial!$H$3:$H$502,$B$2)>0,"✓","")) | G56: =IF($A55="","",IF(COUNTIFS(Historial!$B$3:$B$502,$A55,Historial!$C$3:$C$502,$B55,Historial!$G$3:$G$502,G$4,Historial!$H$3:$H$502,$B$2)>0,"✓","")) | H56: =IF($A55="","",IF(COUNTIFS(Historial!$B$3:$B$502,$A55,Historial!$C$3:$C$502,$B55,Historial!$G$3:$G$502,H$4,Historial!$H$3:$H$502,$B$2)>0,"✓","")) | I56: =IF($A55="","",IF(COUNTIFS(Historial!$B$3:$B$502,$A55,Historial!$C$3:$C$502,$B55,Historial!$G$3:$G$502,I$4,Historial!$H$3:$H$502,$B$2)>0,"✓","")) | J56: =IF($A55="","",IF(COUNTIFS(Historial!$B$3:$B$502,$A55,Historial!$C$3:$C$502,$B55,Historial!$G$3:$G$502,J$4,Historial!$H$3:$H$502,$B$2)>0,"✓","")) | K56: =IF($A55="","",IF(COUNTIFS(Historial!$B$3:$B$502,$A55,Historial!$C$3:$C$502,$B55,Historial!$G$3:$G$502,K$4,Historial!$H$3:$H$502,$B$2)>0,"✓","")) | ... BC56: =IF($A55="","",IF(COUNTIFS(Historial!$B$3:$B$502,$A55,Historial!$C$3:$C$502,$B55,Historial!$G$3:$G$502,BC$4,Historial!$H$3:$H$502,$B$2)>0,"✓",""))
A57: =IF(Actividades!$B29="","",Actividades!$B29) | B57: =IF(Actividades!$C29="","",Actividades!$C29) | C57: =IF($A57="","","Plan") | D57: =IF($A57="","",IF(AND(N(Actividades!$E29)>0,D$4>=Actividades!$E29,MOD(D$4-Actividades!$E29,IFERROR(VLOOKUP(Actividades!$D29,Listas!$A$2:$B$8,2,0),52))=0),"P","")) | E57: =IF($A57="","",IF(AND(N(Actividades!$E29)>0,E$4>=Actividades!$E29,MOD(E$4-Actividades!$E29,IFERROR(VLOOKUP(Actividades!$D29,Listas!$A$2:$B$8,2,0),52))=0),"P","")) | F57: =IF($A57="","",IF(AND(N(Actividades!$E29)>0,F$4>=Actividades!$E29,MOD(F$4-Actividades!$E29,IFERROR(VLOOKUP(Actividades!$D29,Listas!$A$2:$B$8,2,0),52))=0),"P","")) | G57: =IF($A57="","",IF(AND(N(Actividades!$E29)>0,G$4>=Actividades!$E29,MOD(G$4-Actividades!$E29,IFERROR(VLOOKUP(Actividades!$D29,Listas!$A$2:$B$8,2,0),52))=0),"P","")) | H57: =IF($A57="","",IF(AND(N(Actividades!$E29)>0,H$4>=Actividades!$E29,MOD(H$4-Actividades!$E29,IFERROR(VLOOKUP(Actividades!$D29,Listas!$A$2:$B$8,2,0),52))=0),"P","")) | I57: =IF($A57="","",IF(AND(N(Actividades!$E29)>0,I$4>=Actividades!$E29,MOD(I$4-Actividades!$E29,IFERROR(VLOOKUP(Actividades!$D29,Listas!$A$2:$B$8,2,0),52))=0),"P","")) | J57: =IF($A57="","",IF(AND(N(Actividades!$E29)>0,J$4>=Actividades!$E29,MOD(J$4-Actividades!$E29,IFERROR(VLOOKUP(Actividades!$D29,Listas!$A$2:$B$8,2,0),52))=0),"P","")) | K57: =IF($A57="","",IF(AND(N(Actividades!$E29)>0,K$4>=Actividades!$E29,MOD(K$4-Actividades!$E29,IFERROR(VLOOKUP(Actividades!$D29,Listas!$A$2:$B$8,2,0),52))=0),"P","")) | ... BC57: =IF($A57="","",IF(AND(N(Actividades!$E29)>0,BC$4>=Actividades!$E29,MOD(BC$4-Actividades!$E29,IFERROR(VLOOKUP(Actividades!$D29,Listas!$A$2:$B$8,2,0),52))=0),"P","")) | BD57: =IF($A57="","",COUNTIF(D57:BC57,"P")) | BE57: =IF($A57="","",SUMPRODUCT((D57:BC57="P")*(D58:BC58="✓"))) | BF57: =IF($A57="","",IF(BD57=0,"",BE57/BD57))
C58: =IF($A57="","","Real") | D58: =IF($A57="","",IF(COUNTIFS(Historial!$B$3:$B$502,$A57,Historial!$C$3:$C$502,$B57,Historial!$G$3:$G$502,D$4,Historial!$H$3:$H$502,$B$2)>0,"✓","")) | E58: =IF($A57="","",IF(COUNTIFS(Historial!$B$3:$B$502,$A57,Historial!$C$3:$C$502,$B57,Historial!$G$3:$G$502,E$4,Historial!$H$3:$H$502,$B$2)>0,"✓","")) | F58: =IF($A57="","",IF(COUNTIFS(Historial!$B$3:$B$502,$A57,Historial!$C$3:$C$502,$B57,Historial!$G$3:$G$502,F$4,Historial!$H$3:$H$502,$B$2)>0,"✓","")) | G58: =IF($A57="","",IF(COUNTIFS(Historial!$B$3:$B$502,$A57,Historial!$C$3:$C$502,$B57,Historial!$G$3:$G$502,G$4,Historial!$H$3:$H$502,$B$2)>0,"✓","")) | H58: =IF($A57="","",IF(COUNTIFS(Historial!$B$3:$B$502,$A57,Historial!$C$3:$C$502,$B57,Historial!$G$3:$G$502,H$4,Historial!$H$3:$H$502,$B$2)>0,"✓","")) | I58: =IF($A57="","",IF(COUNTIFS(Historial!$B$3:$B$502,$A57,Historial!$C$3:$C$502,$B57,Historial!$G$3:$G$502,I$4,Historial!$H$3:$H$502,$B$2)>0,"✓","")) | J58: =IF($A57="","",IF(COUNTIFS(Historial!$B$3:$B$502,$A57,Historial!$C$3:$C$502,$B57,Historial!$G$3:$G$502,J$4,Historial!$H$3:$H$502,$B$2)>0,"✓","")) | K58: =IF($A57="","",IF(COUNTIFS(Historial!$B$3:$B$502,$A57,Historial!$C$3:$C$502,$B57,Historial!$G$3:$G$502,K$4,Historial!$H$3:$H$502,$B$2)>0,"✓","")) | ... BC58: =IF($A57="","",IF(COUNTIFS(Historial!$B$3:$B$502,$A57,Historial!$C$3:$C$502,$B57,Historial!$G$3:$G$502,BC$4,Historial!$H$3:$H$502,$B$2)>0,"✓",""))
A59: =IF(Actividades!$B30="","",Actividades!$B30) | B59: =IF(Actividades!$C30="","",Actividades!$C30) | C59: =IF($A59="","","Plan") | D59: =IF($A59="","",IF(AND(N(Actividades!$E30)>0,D$4>=Actividades!$E30,MOD(D$4-Actividades!$E30,IFERROR(VLOOKUP(Actividades!$D30,Listas!$A$2:$B$8,2,0),52))=0),"P","")) | E59: =IF($A59="","",IF(AND(N(Actividades!$E30)>0,E$4>=Actividades!$E30,MOD(E$4-Actividades!$E30,IFERROR(VLOOKUP(Actividades!$D30,Listas!$A$2:$B$8,2,0),52))=0),"P","")) | F59: =IF($A59="","",IF(AND(N(Actividades!$E30)>0,F$4>=Actividades!$E30,MOD(F$4-Actividades!$E30,IFERROR(VLOOKUP(Actividades!$D30,Listas!$A$2:$B$8,2,0),52))=0),"P","")) | G59: =IF($A59="","",IF(AND(N(Actividades!$E30)>0,G$4>=Actividades!$E30,MOD(G$4-Actividades!$E30,IFERROR(VLOOKUP(Actividades!$D30,Listas!$A$2:$B$8,2,0),52))=0),"P","")) | H59: =IF($A59="","",IF(AND(N(Actividades!$E30)>0,H$4>=Actividades!$E30,MOD(H$4-Actividades!$E30,IFERROR(VLOOKUP(Actividades!$D30,Listas!$A$2:$B$8,2,0),52))=0),"P","")) | I59: =IF($A59="","",IF(AND(N(Actividades!$E30)>0,I$4>=Actividades!$E30,MOD(I$4-Actividades!$E30,IFERROR(VLOOKUP(Actividades!$D30,Listas!$A$2:$B$8,2,0),52))=0),"P","")) | J59: =IF($A59="","",IF(AND(N(Actividades!$E30)>0,J$4>=Actividades!$E30,MOD(J$4-Actividades!$E30,IFERROR(VLOOKUP(Actividades!$D30,Listas!$A$2:$B$8,2,0),52))=0),"P","")) | K59: =IF($A59="","",IF(AND(N(Actividades!$E30)>0,K$4>=Actividades!$E30,MOD(K$4-Actividades!$E30,IFERROR(VLOOKUP(Actividades!$D30,Listas!$A$2:$B$8,2,0),52))=0),"P","")) | ... BC59: =IF($A59="","",IF(AND(N(Actividades!$E30)>0,BC$4>=Actividades!$E30,MOD(BC$4-Actividades!$E30,IFERROR(VLOOKUP(Actividades!$D30,Listas!$A$2:$B$8,2,0),52))=0),"P","")) | BD59: =IF($A59="","",COUNTIF(D59:BC59,"P")) | BE59: =IF($A59="","",SUMPRODUCT((D59:BC59="P")*(D60:BC60="✓"))) | BF59: =IF($A59="","",IF(BD59=0,"",BE59/BD59))
C60: =IF($A59="","","Real") | D60: =IF($A59="","",IF(COUNTIFS(Historial!$B$3:$B$502,$A59,Historial!$C$3:$C$502,$B59,Historial!$G$3:$G$502,D$4,Historial!$H$3:$H$502,$B$2)>0,"✓","")) | E60: =IF($A59="","",IF(COUNTIFS(Historial!$B$3:$B$502,$A59,Historial!$C$3:$C$502,$B59,Historial!$G$3:$G$502,E$4,Historial!$H$3:$H$502,$B$2)>0,"✓","")) | F60: =IF($A59="","",IF(COUNTIFS(Historial!$B$3:$B$502,$A59,Historial!$C$3:$C$502,$B59,Historial!$G$3:$G$502,F$4,Historial!$H$3:$H$502,$B$2)>0,"✓","")) | G60: =IF($A59="","",IF(COUNTIFS(Historial!$B$3:$B$502,$A59,Historial!$C$3:$C$502,$B59,Historial!$G$3:$G$502,G$4,Historial!$H$3:$H$502,$B$2)>0,"✓","")) | H60: =IF($A59="","",IF(COUNTIFS(Historial!$B$3:$B$502,$A59,Historial!$C$3:$C$502,$B59,Historial!$G$3:$G$502,H$4,Historial!$H$3:$H$502,$B$2)>0,"✓","")) | I60: =IF($A59="","",IF(COUNTIFS(Historial!$B$3:$B$502,$A59,Historial!$C$3:$C$502,$B59,Historial!$G$3:$G$502,I$4,Historial!$H$3:$H$502,$B$2)>0,"✓","")) | J60: =IF($A59="","",IF(COUNTIFS(Historial!$B$3:$B$502,$A59,Historial!$C$3:$C$502,$B59,Historial!$G$3:$G$502,J$4,Historial!$H$3:$H$502,$B$2)>0,"✓","")) | K60: =IF($A59="","",IF(COUNTIFS(Historial!$B$3:$B$502,$A59,Historial!$C$3:$C$502,$B59,Historial!$G$3:$G$502,K$4,Historial!$H$3:$H$502,$B$2)>0,"✓","")) | ... BC60: =IF($A59="","",IF(COUNTIFS(Historial!$B$3:$B$502,$A59,Historial!$C$3:$C$502,$B59,Historial!$G$3:$G$502,BC$4,Historial!$H$3:$H$502,$B$2)>0,"✓",""))
A61: =IF(Actividades!$B31="","",Actividades!$B31) | B61: =IF(Actividades!$C31="","",Actividades!$C31) | C61: =IF($A61="","","Plan") | D61: =IF($A61="","",IF(AND(N(Actividades!$E31)>0,D$4>=Actividades!$E31,MOD(D$4-Actividades!$E31,IFERROR(VLOOKUP(Actividades!$D31,Listas!$A$2:$B$8,2,0),52))=0),"P","")) | E61: =IF($A61="","",IF(AND(N(Actividades!$E31)>0,E$4>=Actividades!$E31,MOD(E$4-Actividades!$E31,IFERROR(VLOOKUP(Actividades!$D31,Listas!$A$2:$B$8,2,0),52))=0),"P","")) | F61: =IF($A61="","",IF(AND(N(Actividades!$E31)>0,F$4>=Actividades!$E31,MOD(F$4-Actividades!$E31,IFERROR(VLOOKUP(Actividades!$D31,Listas!$A$2:$B$8,2,0),52))=0),"P","")) | G61: =IF($A61="","",IF(AND(N(Actividades!$E31)>0,G$4>=Actividades!$E31,MOD(G$4-Actividades!$E31,IFERROR(VLOOKUP(Actividades!$D31,Listas!$A$2:$B$8,2,0),52))=0),"P","")) | H61: =IF($A61="","",IF(AND(N(Actividades!$E31)>0,H$4>=Actividades!$E31,MOD(H$4-Actividades!$E31,IFERROR(VLOOKUP(Actividades!$D31,Listas!$A$2:$B$8,2,0),52))=0),"P","")) | I61: =IF($A61="","",IF(AND(N(Actividades!$E31)>0,I$4>=Actividades!$E31,MOD(I$4-Actividades!$E31,IFERROR(VLOOKUP(Actividades!$D31,Listas!$A$2:$B$8,2,0),52))=0),"P","")) | J61: =IF($A61="","",IF(AND(N(Actividades!$E31)>0,J$4>=Actividades!$E31,MOD(J$4-Actividades!$E31,IFERROR(VLOOKUP(Actividades!$D31,Listas!$A$2:$B$8,2,0),52))=0),"P","")) | K61: =IF($A61="","",IF(AND(N(Actividades!$E31)>0,K$4>=Actividades!$E31,MOD(K$4-Actividades!$E31,IFERROR(VLOOKUP(Actividades!$D31,Listas!$A$2:$B$8,2,0),52))=0),"P","")) | ... BC61: =IF($A61="","",IF(AND(N(Actividades!$E31)>0,BC$4>=Actividades!$E31,MOD(BC$4-Actividades!$E31,IFERROR(VLOOKUP(Actividades!$D31,Listas!$A$2:$B$8,2,0),52))=0),"P","")) | BD61: =IF($A61="","",COUNTIF(D61:BC61,"P")) | BE61: =IF($A61="","",SUMPRODUCT((D61:BC61="P")*(D62:BC62="✓"))) | BF61: =IF($A61="","",IF(BD61=0,"",BE61/BD61))
C62: =IF($A61="","","Real") | D62: =IF($A61="","",IF(COUNTIFS(Historial!$B$3:$B$502,$A61,Historial!$C$3:$C$502,$B61,Historial!$G$3:$G$502,D$4,Historial!$H$3:$H$502,$B$2)>0,"✓","")) | E62: =IF($A61="","",IF(COUNTIFS(Historial!$B$3:$B$502,$A61,Historial!$C$3:$C$502,$B61,Historial!$G$3:$G$502,E$4,Historial!$H$3:$H$502,$B$2)>0,"✓","")) | F62: =IF($A61="","",IF(COUNTIFS(Historial!$B$3:$B$502,$A61,Historial!$C$3:$C$502,$B61,Historial!$G$3:$G$502,F$4,Historial!$H$3:$H$502,$B$2)>0,"✓","")) | G62: =IF($A61="","",IF(COUNTIFS(Historial!$B$3:$B$502,$A61,Historial!$C$3:$C$502,$B61,Historial!$G$3:$G$502,G$4,Historial!$H$3:$H$502,$B$2)>0,"✓","")) | H62: =IF($A61="","",IF(COUNTIFS(Historial!$B$3:$B$502,$A61,Historial!$C$3:$C$502,$B61,Historial!$G$3:$G$502,H$4,Historial!$H$3:$H$502,$B$2)>0,"✓","")) | I62: =IF($A61="","",IF(COUNTIFS(Historial!$B$3:$B$502,$A61,Historial!$C$3:$C$502,$B61,Historial!$G$3:$G$502,I$4,Historial!$H$3:$H$502,$B$2)>0,"✓","")) | J62: =IF($A61="","",IF(COUNTIFS(Historial!$B$3:$B$502,$A61,Historial!$C$3:$C$502,$B61,Historial!$G$3:$G$502,J$4,Historial!$H$3:$H$502,$B$2)>0,"✓","")) | K62: =IF($A61="","",IF(COUNTIFS(Historial!$B$3:$B$502,$A61,Historial!$C$3:$C$502,$B61,Historial!$G$3:$G$502,K$4,Historial!$H$3:$H$502,$B$2)>0,"✓","")) | ... BC62: =IF($A61="","",IF(COUNTIFS(Historial!$B$3:$B$502,$A61,Historial!$C$3:$C$502,$B61,Historial!$G$3:$G$502,BC$4,Historial!$H$3:$H$502,$B$2)>0,"✓",""))
A63: =IF(Actividades!$B32="","",Actividades!$B32) | B63: =IF(Actividades!$C32="","",Actividades!$C32) | C63: =IF($A63="","","Plan") | D63: =IF($A63="","",IF(AND(N(Actividades!$E32)>0,D$4>=Actividades!$E32,MOD(D$4-Actividades!$E32,IFERROR(VLOOKUP(Actividades!$D32,Listas!$A$2:$B$8,2,0),52))=0),"P","")) | E63: =IF($A63="","",IF(AND(N(Actividades!$E32)>0,E$4>=Actividades!$E32,MOD(E$4-Actividades!$E32,IFERROR(VLOOKUP(Actividades!$D32,Listas!$A$2:$B$8,2,0),52))=0),"P","")) | F63: =IF($A63="","",IF(AND(N(Actividades!$E32)>0,F$4>=Actividades!$E32,MOD(F$4-Actividades!$E32,IFERROR(VLOOKUP(Actividades!$D32,Listas!$A$2:$B$8,2,0),52))=0),"P","")) | G63: =IF($A63="","",IF(AND(N(Actividades!$E32)>0,G$4>=Actividades!$E32,MOD(G$4-Actividades!$E32,IFERROR(VLOOKUP(Actividades!$D32,Listas!$A$2:$B$8,2,0),52))=0),"P","")) | H63: =IF($A63="","",IF(AND(N(Actividades!$E32)>0,H$4>=Actividades!$E32,MOD(H$4-Actividades!$E32,IFERROR(VLOOKUP(Actividades!$D32,Listas!$A$2:$B$8,2,0),52))=0),"P","")) | I63: =IF($A63="","",IF(AND(N(Actividades!$E32)>0,I$4>=Actividades!$E32,MOD(I$4-Actividades!$E32,IFERROR(VLOOKUP(Actividades!$D32,Listas!$A$2:$B$8,2,0),52))=0),"P","")) | J63: =IF($A63="","",IF(AND(N(Actividades!$E32)>0,J$4>=Actividades!$E32,MOD(J$4-Actividades!$E32,IFERROR(VLOOKUP(Actividades!$D32,Listas!$A$2:$B$8,2,0),52))=0),"P","")) | K63: =IF($A63="","",IF(AND(N(Actividades!$E32)>0,K$4>=Actividades!$E32,MOD(K$4-Actividades!$E32,IFERROR(VLOOKUP(Actividades!$D32,Listas!$A$2:$B$8,2,0),52))=0),"P","")) | ... BC63: =IF($A63="","",IF(AND(N(Actividades!$E32)>0,BC$4>=Actividades!$E32,MOD(BC$4-Actividades!$E32,IFERROR(VLOOKUP(Actividades!$D32,Listas!$A$2:$B$8,2,0),52))=0),"P","")) | BD63: =IF($A63="","",COUNTIF(D63:BC63,"P")) | BE63: =IF($A63="","",SUMPRODUCT((D63:BC63="P")*(D64:BC64="✓"))) | BF63: =IF($A63="","",IF(BD63=0,"",BE63/BD63))
C64: =IF($A63="","","Real") | D64: =IF($A63="","",IF(COUNTIFS(Historial!$B$3:$B$502,$A63,Historial!$C$3:$C$502,$B63,Historial!$G$3:$G$502,D$4,Historial!$H$3:$H$502,$B$2)>0,"✓","")) | E64: =IF($A63="","",IF(COUNTIFS(Historial!$B$3:$B$502,$A63,Historial!$C$3:$C$502,$B63,Historial!$G$3:$G$502,E$4,Historial!$H$3:$H$502,$B$2)>0,"✓","")) | F64: =IF($A63="","",IF(COUNTIFS(Historial!$B$3:$B$502,$A63,Historial!$C$3:$C$502,$B63,Historial!$G$3:$G$502,F$4,Historial!$H$3:$H$502,$B$2)>0,"✓","")) | G64: =IF($A63="","",IF(COUNTIFS(Historial!$B$3:$B$502,$A63,Historial!$C$3:$C$502,$B63,Historial!$G$3:$G$502,G$4,Historial!$H$3:$H$502,$B$2)>0,"✓","")) | H64: =IF($A63="","",IF(COUNTIFS(Historial!$B$3:$B$502,$A63,Historial!$C$3:$C$502,$B63,Historial!$G$3:$G$502,H$4,Historial!$H$3:$H$502,$B$2)>0,"✓","")) | I64: =IF($A63="","",IF(COUNTIFS(Historial!$B$3:$B$502,$A63,Historial!$C$3:$C$502,$B63,Historial!$G$3:$G$502,I$4,Historial!$H$3:$H$502,$B$2)>0,"✓","")) | J64: =IF($A63="","",IF(COUNTIFS(Historial!$B$3:$B$502,$A63,Historial!$C$3:$C$502,$B63,Historial!$G$3:$G$502,J$4,Historial!$H$3:$H$502,$B$2)>0,"✓","")) | K64: =IF($A63="","",IF(COUNTIFS(Historial!$B$3:$B$502,$A63,Historial!$C$3:$C$502,$B63,Historial!$G$3:$G$502,K$4,Historial!$H$3:$H$502,$B$2)>0,"✓","")) | ... BC64: =IF($A63="","",IF(COUNTIFS(Historial!$B$3:$B$502,$A63,Historial!$C$3:$C$502,$B63,Historial!$G$3:$G$502,BC$4,Historial!$H$3:$H$502,$B$2)>0,"✓",""))
A65: =IF(Actividades!$B33="","",Actividades!$B33) | B65: =IF(Actividades!$C33="","",Actividades!$C33) | C65: =IF($A65="","","Plan") | D65: =IF($A65="","",IF(AND(N(Actividades!$E33)>0,D$4>=Actividades!$E33,MOD(D$4-Actividades!$E33,IFERROR(VLOOKUP(Actividades!$D33,Listas!$A$2:$B$8,2,0),52))=0),"P","")) | E65: =IF($A65="","",IF(AND(N(Actividades!$E33)>0,E$4>=Actividades!$E33,MOD(E$4-Actividades!$E33,IFERROR(VLOOKUP(Actividades!$D33,Listas!$A$2:$B$8,2,0),52))=0),"P","")) | F65: =IF($A65="","",IF(AND(N(Actividades!$E33)>0,F$4>=Actividades!$E33,MOD(F$4-Actividades!$E33,IFERROR(VLOOKUP(Actividades!$D33,Listas!$A$2:$B$8,2,0),52))=0),"P","")) | G65: =IF($A65="","",IF(AND(N(Actividades!$E33)>0,G$4>=Actividades!$E33,MOD(G$4-Actividades!$E33,IFERROR(VLOOKUP(Actividades!$D33,Listas!$A$2:$B$8,2,0),52))=0),"P","")) | H65: =IF($A65="","",IF(AND(N(Actividades!$E33)>0,H$4>=Actividades!$E33,MOD(H$4-Actividades!$E33,IFERROR(VLOOKUP(Actividades!$D33,Listas!$A$2:$B$8,2,0),52))=0),"P","")) | I65: =IF($A65="","",IF(AND(N(Actividades!$E33)>0,I$4>=Actividades!$E33,MOD(I$4-Actividades!$E33,IFERROR(VLOOKUP(Actividades!$D33,Listas!$A$2:$B$8,2,0),52))=0),"P","")) | J65: =IF($A65="","",IF(AND(N(Actividades!$E33)>0,J$4>=Actividades!$E33,MOD(J$4-Actividades!$E33,IFERROR(VLOOKUP(Actividades!$D33,Listas!$A$2:$B$8,2,0),52))=0),"P","")) | K65: =IF($A65="","",IF(AND(N(Actividades!$E33)>0,K$4>=Actividades!$E33,MOD(K$4-Actividades!$E33,IFERROR(VLOOKUP(Actividades!$D33,Listas!$A$2:$B$8,2,0),52))=0),"P","")) | ... BC65: =IF($A65="","",IF(AND(N(Actividades!$E33)>0,BC$4>=Actividades!$E33,MOD(BC$4-Actividades!$E33,IFERROR(VLOOKUP(Actividades!$D33,Listas!$A$2:$B$8,2,0),52))=0),"P","")) | BD65: =IF($A65="","",COUNTIF(D65:BC65,"P")) | BE65: =IF($A65="","",SUMPRODUCT((D65:BC65="P")*(D66:BC66="✓"))) | BF65: =IF($A65="","",IF(BD65=0,"",BE65/BD65))
C66: =IF($A65="","","Real") | D66: =IF($A65="","",IF(COUNTIFS(Historial!$B$3:$B$502,$A65,Historial!$C$3:$C$502,$B65,Historial!$G$3:$G$502,D$4,Historial!$H$3:$H$502,$B$2)>0,"✓","")) | E66: =IF($A65="","",IF(COUNTIFS(Historial!$B$3:$B$502,$A65,Historial!$C$3:$C$502,$B65,Historial!$G$3:$G$502,E$4,Historial!$H$3:$H$502,$B$2)>0,"✓","")) | F66: =IF($A65="","",IF(COUNTIFS(Historial!$B$3:$B$502,$A65,Historial!$C$3:$C$502,$B65,Historial!$G$3:$G$502,F$4,Historial!$H$3:$H$502,$B$2)>0,"✓","")) | G66: =IF($A65="","",IF(COUNTIFS(Historial!$B$3:$B$502,$A65,Historial!$C$3:$C$502,$B65,Historial!$G$3:$G$502,G$4,Historial!$H$3:$H$502,$B$2)>0,"✓","")) | H66: =IF($A65="","",IF(COUNTIFS(Historial!$B$3:$B$502,$A65,Historial!$C$3:$C$502,$B65,Historial!$G$3:$G$502,H$4,Historial!$H$3:$H$502,$B$2)>0,"✓","")) | I66: =IF($A65="","",IF(COUNTIFS(Historial!$B$3:$B$502,$A65,Historial!$C$3:$C$502,$B65,Historial!$G$3:$G$502,I$4,Historial!$H$3:$H$502,$B$2)>0,"✓","")) | J66: =IF($A65="","",IF(COUNTIFS(Historial!$B$3:$B$502,$A65,Historial!$C$3:$C$502,$B65,Historial!$G$3:$G$502,J$4,Historial!$H$3:$H$502,$B$2)>0,"✓","")) | K66: =IF($A65="","",IF(COUNTIFS(Historial!$B$3:$B$502,$A65,Historial!$C$3:$C$502,$B65,Historial!$G$3:$G$502,K$4,Historial!$H$3:$H$502,$B$2)>0,"✓","")) | ... BC66: =IF($A65="","",IF(COUNTIFS(Historial!$B$3:$B$502,$A65,Historial!$C$3:$C$502,$B65,Historial!$G$3:$G$502,BC$4,Historial!$H$3:$H$502,$B$2)>0,"✓",""))
A67: =IF(Actividades!$B34="","",Actividades!$B34) | B67: =IF(Actividades!$C34="","",Actividades!$C34) | C67: =IF($A67="","","Plan") | D67: =IF($A67="","",IF(AND(N(Actividades!$E34)>0,D$4>=Actividades!$E34,MOD(D$4-Actividades!$E34,IFERROR(VLOOKUP(Actividades!$D34,Listas!$A$2:$B$8,2,0),52))=0),"P","")) | E67: =IF($A67="","",IF(AND(N(Actividades!$E34)>0,E$4>=Actividades!$E34,MOD(E$4-Actividades!$E34,IFERROR(VLOOKUP(Actividades!$D34,Listas!$A$2:$B$8,2,0),52))=0),"P","")) | F67: =IF($A67="","",IF(AND(N(Actividades!$E34)>0,F$4>=Actividades!$E34,MOD(F$4-Actividades!$E34,IFERROR(VLOOKUP(Actividades!$D34,Listas!$A$2:$B$8,2,0),52))=0),"P","")) | G67: =IF($A67="","",IF(AND(N(Actividades!$E34)>0,G$4>=Actividades!$E34,MOD(G$4-Actividades!$E34,IFERROR(VLOOKUP(Actividades!$D34,Listas!$A$2:$B$8,2,0),52))=0),"P","")) | H67: =IF($A67="","",IF(AND(N(Actividades!$E34)>0,H$4>=Actividades!$E34,MOD(H$4-Actividades!$E34,IFERROR(VLOOKUP(Actividades!$D34,Listas!$A$2:$B$8,2,0),52))=0),"P","")) | I67: =IF($A67="","",IF(AND(N(Actividades!$E34)>0,I$4>=Actividades!$E34,MOD(I$4-Actividades!$E34,IFERROR(VLOOKUP(Actividades!$D34,Listas!$A$2:$B$8,2,0),52))=0),"P","")) | J67: =IF($A67="","",IF(AND(N(Actividades!$E34)>0,J$4>=Actividades!$E34,MOD(J$4-Actividades!$E34,IFERROR(VLOOKUP(Actividades!$D34,Listas!$A$2:$B$8,2,0),52))=0),"P","")) | K67: =IF($A67="","",IF(AND(N(Actividades!$E34)>0,K$4>=Actividades!$E34,MOD(K$4-Actividades!$E34,IFERROR(VLOOKUP(Actividades!$D34,Listas!$A$2:$B$8,2,0),52))=0),"P","")) | ... BC67: =IF($A67="","",IF(AND(N(Actividades!$E34)>0,BC$4>=Actividades!$E34,MOD(BC$4-Actividades!$E34,IFERROR(VLOOKUP(Actividades!$D34,Listas!$A$2:$B$8,2,0),52))=0),"P","")) | BD67: =IF($A67="","",COUNTIF(D67:BC67,"P")) | BE67: =IF($A67="","",SUMPRODUCT((D67:BC67="P")*(D68:BC68="✓"))) | BF67: =IF($A67="","",IF(BD67=0,"",BE67/BD67))
C68: =IF($A67="","","Real") | D68: =IF($A67="","",IF(COUNTIFS(Historial!$B$3:$B$502,$A67,Historial!$C$3:$C$502,$B67,Historial!$G$3:$G$502,D$4,Historial!$H$3:$H$502,$B$2)>0,"✓","")) | E68: =IF($A67="","",IF(COUNTIFS(Historial!$B$3:$B$502,$A67,Historial!$C$3:$C$502,$B67,Historial!$G$3:$G$502,E$4,Historial!$H$3:$H$502,$B$2)>0,"✓","")) | F68: =IF($A67="","",IF(COUNTIFS(Historial!$B$3:$B$502,$A67,Historial!$C$3:$C$502,$B67,Historial!$G$3:$G$502,F$4,Historial!$H$3:$H$502,$B$2)>0,"✓","")) | G68: =IF($A67="","",IF(COUNTIFS(Historial!$B$3:$B$502,$A67,Historial!$C$3:$C$502,$B67,Historial!$G$3:$G$502,G$4,Historial!$H$3:$H$502,$B$2)>0,"✓","")) | H68: =IF($A67="","",IF(COUNTIFS(Historial!$B$3:$B$502,$A67,Historial!$C$3:$C$502,$B67,Historial!$G$3:$G$502,H$4,Historial!$H$3:$H$502,$B$2)>0,"✓","")) | I68: =IF($A67="","",IF(COUNTIFS(Historial!$B$3:$B$502,$A67,Historial!$C$3:$C$502,$B67,Historial!$G$3:$G$502,I$4,Historial!$H$3:$H$502,$B$2)>0,"✓","")) | J68: =IF($A67="","",IF(COUNTIFS(Historial!$B$3:$B$502,$A67,Historial!$C$3:$C$502,$B67,Historial!$G$3:$G$502,J$4,Historial!$H$3:$H$502,$B$2)>0,"✓","")) | K68: =IF($A67="","",IF(COUNTIFS(Historial!$B$3:$B$502,$A67,Historial!$C$3:$C$502,$B67,Historial!$G$3:$G$502,K$4,Historial!$H$3:$H$502,$B$2)>0,"✓","")) | ... BC68: =IF($A67="","",IF(COUNTIFS(Historial!$B$3:$B$502,$A67,Historial!$C$3:$C$502,$B67,Historial!$G$3:$G$502,BC$4,Historial!$H$3:$H$502,$B$2)>0,"✓",""))
A69: =IF(Actividades!$B35="","",Actividades!$B35) | B69: =IF(Actividades!$C35="","",Actividades!$C35) | C69: =IF($A69="","","Plan") | D69: =IF($A69="","",IF(AND(N(Actividades!$E35)>0,D$4>=Actividades!$E35,MOD(D$4-Actividades!$E35,IFERROR(VLOOKUP(Actividades!$D35,Listas!$A$2:$B$8,2,0),52))=0),"P","")) | E69: =IF($A69="","",IF(AND(N(Actividades!$E35)>0,E$4>=Actividades!$E35,MOD(E$4-Actividades!$E35,IFERROR(VLOOKUP(Actividades!$D35,Listas!$A$2:$B$8,2,0),52))=0),"P","")) | F69: =IF($A69="","",IF(AND(N(Actividades!$E35)>0,F$4>=Actividades!$E35,MOD(F$4-Actividades!$E35,IFERROR(VLOOKUP(Actividades!$D35,Listas!$A$2:$B$8,2,0),52))=0),"P","")) | G69: =IF($A69="","",IF(AND(N(Actividades!$E35)>0,G$4>=Actividades!$E35,MOD(G$4-Actividades!$E35,IFERROR(VLOOKUP(Actividades!$D35,Listas!$A$2:$B$8,2,0),52))=0),"P","")) | H69: =IF($A69="","",IF(AND(N(Actividades!$E35)>0,H$4>=Actividades!$E35,MOD(H$4-Actividades!$E35,IFERROR(VLOOKUP(Actividades!$D35,Listas!$A$2:$B$8,2,0),52))=0),"P","")) | I69: =IF($A69="","",IF(AND(N(Actividades!$E35)>0,I$4>=Actividades!$E35,MOD(I$4-Actividades!$E35,IFERROR(VLOOKUP(Actividades!$D35,Listas!$A$2:$B$8,2,0),52))=0),"P","")) | J69: =IF($A69="","",IF(AND(N(Actividades!$E35)>0,J$4>=Actividades!$E35,MOD(J$4-Actividades!$E35,IFERROR(VLOOKUP(Actividades!$D35,Listas!$A$2:$B$8,2,0),52))=0),"P","")) | K69: =IF($A69="","",IF(AND(N(Actividades!$E35)>0,K$4>=Actividades!$E35,MOD(K$4-Actividades!$E35,IFERROR(VLOOKUP(Actividades!$D35,Listas!$A$2:$B$8,2,0),52))=0),"P","")) | ... BC69: =IF($A69="","",IF(AND(N(Actividades!$E35)>0,BC$4>=Actividades!$E35,MOD(BC$4-Actividades!$E35,IFERROR(VLOOKUP(Actividades!$D35,Listas!$A$2:$B$8,2,0),52))=0),"P","")) | BD69: =IF($A69="","",COUNTIF(D69:BC69,"P")) | BE69: =IF($A69="","",SUMPRODUCT((D69:BC69="P")*(D70:BC70="✓"))) | BF69: =IF($A69="","",IF(BD69=0,"",BE69/BD69))
C70: =IF($A69="","","Real") | D70: =IF($A69="","",IF(COUNTIFS(Historial!$B$3:$B$502,$A69,Historial!$C$3:$C$502,$B69,Historial!$G$3:$G$502,D$4,Historial!$H$3:$H$502,$B$2)>0,"✓","")) | E70: =IF($A69="","",IF(COUNTIFS(Historial!$B$3:$B$502,$A69,Historial!$C$3:$C$502,$B69,Historial!$G$3:$G$502,E$4,Historial!$H$3:$H$502,$B$2)>0,"✓","")) | F70: =IF($A69="","",IF(COUNTIFS(Historial!$B$3:$B$502,$A69,Historial!$C$3:$C$502,$B69,Historial!$G$3:$G$502,F$4,Historial!$H$3:$H$502,$B$2)>0,"✓","")) | G70: =IF($A69="","",IF(COUNTIFS(Historial!$B$3:$B$502,$A69,Historial!$C$3:$C$502,$B69,Historial!$G$3:$G$502,G$4,Historial!$H$3:$H$502,$B$2)>0,"✓","")) | H70: =IF($A69="","",IF(COUNTIFS(Historial!$B$3:$B$502,$A69,Historial!$C$3:$C$502,$B69,Historial!$G$3:$G$502,H$4,Historial!$H$3:$H$502,$B$2)>0,"✓","")) | I70: =IF($A69="","",IF(COUNTIFS(Historial!$B$3:$B$502,$A69,Historial!$C$3:$C$502,$B69,Historial!$G$3:$G$502,I$4,Historial!$H$3:$H$502,$B$2)>0,"✓","")) | J70: =IF($A69="","",IF(COUNTIFS(Historial!$B$3:$B$502,$A69,Historial!$C$3:$C$502,$B69,Historial!$G$3:$G$502,J$4,Historial!$H$3:$H$502,$B$2)>0,"✓","")) | K70: =IF($A69="","",IF(COUNTIFS(Historial!$B$3:$B$502,$A69,Historial!$C$3:$C$502,$B69,Historial!$G$3:$G$502,K$4,Historial!$H$3:$H$502,$B$2)>0,"✓","")) | ... BC70: =IF($A69="","",IF(COUNTIFS(Historial!$B$3:$B$502,$A69,Historial!$C$3:$C$502,$B69,Historial!$G$3:$G$502,BC$4,Historial!$H$3:$H$502,$B$2)>0,"✓",""))
A71: =IF(Actividades!$B36="","",Actividades!$B36) | B71: =IF(Actividades!$C36="","",Actividades!$C36) | C71: =IF($A71="","","Plan") | D71: =IF($A71="","",IF(AND(N(Actividades!$E36)>0,D$4>=Actividades!$E36,MOD(D$4-Actividades!$E36,IFERROR(VLOOKUP(Actividades!$D36,Listas!$A$2:$B$8,2,0),52))=0),"P","")) | E71: =IF($A71="","",IF(AND(N(Actividades!$E36)>0,E$4>=Actividades!$E36,MOD(E$4-Actividades!$E36,IFERROR(VLOOKUP(Actividades!$D36,Listas!$A$2:$B$8,2,0),52))=0),"P","")) | F71: =IF($A71="","",IF(AND(N(Actividades!$E36)>0,F$4>=Actividades!$E36,MOD(F$4-Actividades!$E36,IFERROR(VLOOKUP(Actividades!$D36,Listas!$A$2:$B$8,2,0),52))=0),"P","")) | G71: =IF($A71="","",IF(AND(N(Actividades!$E36)>0,G$4>=Actividades!$E36,MOD(G$4-Actividades!$E36,IFERROR(VLOOKUP(Actividades!$D36,Listas!$A$2:$B$8,2,0),52))=0),"P","")) | H71: =IF($A71="","",IF(AND(N(Actividades!$E36)>0,H$4>=Actividades!$E36,MOD(H$4-Actividades!$E36,IFERROR(VLOOKUP(Actividades!$D36,Listas!$A$2:$B$8,2,0),52))=0),"P","")) | I71: =IF($A71="","",IF(AND(N(Actividades!$E36)>0,I$4>=Actividades!$E36,MOD(I$4-Actividades!$E36,IFERROR(VLOOKUP(Actividades!$D36,Listas!$A$2:$B$8,2,0),52))=0),"P","")) | J71: =IF($A71="","",IF(AND(N(Actividades!$E36)>0,J$4>=Actividades!$E36,MOD(J$4-Actividades!$E36,IFERROR(VLOOKUP(Actividades!$D36,Listas!$A$2:$B$8,2,0),52))=0),"P","")) | K71: =IF($A71="","",IF(AND(N(Actividades!$E36)>0,K$4>=Actividades!$E36,MOD(K$4-Actividades!$E36,IFERROR(VLOOKUP(Actividades!$D36,Listas!$A$2:$B$8,2,0),52))=0),"P","")) | ... BC71: =IF($A71="","",IF(AND(N(Actividades!$E36)>0,BC$4>=Actividades!$E36,MOD(BC$4-Actividades!$E36,IFERROR(VLOOKUP(Actividades!$D36,Listas!$A$2:$B$8,2,0),52))=0),"P","")) | BD71: =IF($A71="","",COUNTIF(D71:BC71,"P")) | BE71: =IF($A71="","",SUMPRODUCT((D71:BC71="P")*(D72:BC72="✓"))) | BF71: =IF($A71="","",IF(BD71=0,"",BE71/BD71))
C72: =IF($A71="","","Real") | D72: =IF($A71="","",IF(COUNTIFS(Historial!$B$3:$B$502,$A71,Historial!$C$3:$C$502,$B71,Historial!$G$3:$G$502,D$4,Historial!$H$3:$H$502,$B$2)>0,"✓","")) | E72: =IF($A71="","",IF(COUNTIFS(Historial!$B$3:$B$502,$A71,Historial!$C$3:$C$502,$B71,Historial!$G$3:$G$502,E$4,Historial!$H$3:$H$502,$B$2)>0,"✓","")) | F72: =IF($A71="","",IF(COUNTIFS(Historial!$B$3:$B$502,$A71,Historial!$C$3:$C$502,$B71,Historial!$G$3:$G$502,F$4,Historial!$H$3:$H$502,$B$2)>0,"✓","")) | G72: =IF($A71="","",IF(COUNTIFS(Historial!$B$3:$B$502,$A71,Historial!$C$3:$C$502,$B71,Historial!$G$3:$G$502,G$4,Historial!$H$3:$H$502,$B$2)>0,"✓","")) | H72: =IF($A71="","",IF(COUNTIFS(Historial!$B$3:$B$502,$A71,Historial!$C$3:$C$502,$B71,Historial!$G$3:$G$502,H$4,Historial!$H$3:$H$502,$B$2)>0,"✓","")) | I72: =IF($A71="","",IF(COUNTIFS(Historial!$B$3:$B$502,$A71,Historial!$C$3:$C$502,$B71,Historial!$G$3:$G$502,I$4,Historial!$H$3:$H$502,$B$2)>0,"✓","")) | J72: =IF($A71="","",IF(COUNTIFS(Historial!$B$3:$B$502,$A71,Historial!$C$3:$C$502,$B71,Historial!$G$3:$G$502,J$4,Historial!$H$3:$H$502,$B$2)>0,"✓","")) | K72: =IF($A71="","",IF(COUNTIFS(Historial!$B$3:$B$502,$A71,Historial!$C$3:$C$502,$B71,Historial!$G$3:$G$502,K$4,Historial!$H$3:$H$502,$B$2)>0,"✓","")) | ... BC72: =IF($A71="","",IF(COUNTIFS(Historial!$B$3:$B$502,$A71,Historial!$C$3:$C$502,$B71,Historial!$G$3:$G$502,BC$4,Historial!$H$3:$H$502,$B$2)>0,"✓",""))
A73: =IF(Actividades!$B37="","",Actividades!$B37) | B73: =IF(Actividades!$C37="","",Actividades!$C37) | C73: =IF($A73="","","Plan") | D73: =IF($A73="","",IF(AND(N(Actividades!$E37)>0,D$4>=Actividades!$E37,MOD(D$4-Actividades!$E37,IFERROR(VLOOKUP(Actividades!$D37,Listas!$A$2:$B$8,2,0),52))=0),"P","")) | E73: =IF($A73="","",IF(AND(N(Actividades!$E37)>0,E$4>=Actividades!$E37,MOD(E$4-Actividades!$E37,IFERROR(VLOOKUP(Actividades!$D37,Listas!$A$2:$B$8,2,0),52))=0),"P","")) | F73: =IF($A73="","",IF(AND(N(Actividades!$E37)>0,F$4>=Actividades!$E37,MOD(F$4-Actividades!$E37,IFERROR(VLOOKUP(Actividades!$D37,Listas!$A$2:$B$8,2,0),52))=0),"P","")) | G73: =IF($A73="","",IF(AND(N(Actividades!$E37)>0,G$4>=Actividades!$E37,MOD(G$4-Actividades!$E37,IFERROR(VLOOKUP(Actividades!$D37,Listas!$A$2:$B$8,2,0),52))=0),"P","")) | H73: =IF($A73="","",IF(AND(N(Actividades!$E37)>0,H$4>=Actividades!$E37,MOD(H$4-Actividades!$E37,IFERROR(VLOOKUP(Actividades!$D37,Listas!$A$2:$B$8,2,0),52))=0),"P","")) | I73: =IF($A73="","",IF(AND(N(Actividades!$E37)>0,I$4>=Actividades!$E37,MOD(I$4-Actividades!$E37,IFERROR(VLOOKUP(Actividades!$D37,Listas!$A$2:$B$8,2,0),52))=0),"P","")) | J73: =IF($A73="","",IF(AND(N(Actividades!$E37)>0,J$4>=Actividades!$E37,MOD(J$4-Actividades!$E37,IFERROR(VLOOKUP(Actividades!$D37,Listas!$A$2:$B$8,2,0),52))=0),"P","")) | K73: =IF($A73="","",IF(AND(N(Actividades!$E37)>0,K$4>=Actividades!$E37,MOD(K$4-Actividades!$E37,IFERROR(VLOOKUP(Actividades!$D37,Listas!$A$2:$B$8,2,0),52))=0),"P","")) | ... BC73: =IF($A73="","",IF(AND(N(Actividades!$E37)>0,BC$4>=Actividades!$E37,MOD(BC$4-Actividades!$E37,IFERROR(VLOOKUP(Actividades!$D37,Listas!$A$2:$B$8,2,0),52))=0),"P","")) | BD73: =IF($A73="","",COUNTIF(D73:BC73,"P")) | BE73: =IF($A73="","",SUMPRODUCT((D73:BC73="P")*(D74:BC74="✓"))) | BF73: =IF($A73="","",IF(BD73=0,"",BE73/BD73))
C74: =IF($A73="","","Real") | D74: =IF($A73="","",IF(COUNTIFS(Historial!$B$3:$B$502,$A73,Historial!$C$3:$C$502,$B73,Historial!$G$3:$G$502,D$4,Historial!$H$3:$H$502,$B$2)>0,"✓","")) | E74: =IF($A73="","",IF(COUNTIFS(Historial!$B$3:$B$502,$A73,Historial!$C$3:$C$502,$B73,Historial!$G$3:$G$502,E$4,Historial!$H$3:$H$502,$B$2)>0,"✓","")) | F74: =IF($A73="","",IF(COUNTIFS(Historial!$B$3:$B$502,$A73,Historial!$C$3:$C$502,$B73,Historial!$G$3:$G$502,F$4,Historial!$H$3:$H$502,$B$2)>0,"✓","")) | G74: =IF($A73="","",IF(COUNTIFS(Historial!$B$3:$B$502,$A73,Historial!$C$3:$C$502,$B73,Historial!$G$3:$G$502,G$4,Historial!$H$3:$H$502,$B$2)>0,"✓","")) | H74: =IF($A73="","",IF(COUNTIFS(Historial!$B$3:$B$502,$A73,Historial!$C$3:$C$502,$B73,Historial!$G$3:$G$502,H$4,Historial!$H$3:$H$502,$B$2)>0,"✓","")) | I74: =IF($A73="","",IF(COUNTIFS(Historial!$B$3:$B$502,$A73,Historial!$C$3:$C$502,$B73,Historial!$G$3:$G$502,I$4,Historial!$H$3:$H$502,$B$2)>0,"✓","")) | J74: =IF($A73="","",IF(COUNTIFS(Historial!$B$3:$B$502,$A73,Historial!$C$3:$C$502,$B73,Historial!$G$3:$G$502,J$4,Historial!$H$3:$H$502,$B$2)>0,"✓","")) | K74: =IF($A73="","",IF(COUNTIFS(Historial!$B$3:$B$502,$A73,Historial!$C$3:$C$502,$B73,Historial!$G$3:$G$502,K$4,Historial!$H$3:$H$502,$B$2)>0,"✓","")) | ... BC74: =IF($A73="","",IF(COUNTIFS(Historial!$B$3:$B$502,$A73,Historial!$C$3:$C$502,$B73,Historial!$G$3:$G$502,BC$4,Historial!$H$3:$H$502,$B$2)>0,"✓",""))
A75: =IF(Actividades!$B38="","",Actividades!$B38) | B75: =IF(Actividades!$C38="","",Actividades!$C38) | C75: =IF($A75="","","Plan") | D75: =IF($A75="","",IF(AND(N(Actividades!$E38)>0,D$4>=Actividades!$E38,MOD(D$4-Actividades!$E38,IFERROR(VLOOKUP(Actividades!$D38,Listas!$A$2:$B$8,2,0),52))=0),"P","")) | E75: =IF($A75="","",IF(AND(N(Actividades!$E38)>0,E$4>=Actividades!$E38,MOD(E$4-Actividades!$E38,IFERROR(VLOOKUP(Actividades!$D38,Listas!$A$2:$B$8,2,0),52))=0),"P","")) | F75: =IF($A75="","",IF(AND(N(Actividades!$E38)>0,F$4>=Actividades!$E38,MOD(F$4-Actividades!$E38,IFERROR(VLOOKUP(Actividades!$D38,Listas!$A$2:$B$8,2,0),52))=0),"P","")) | G75: =IF($A75="","",IF(AND(N(Actividades!$E38)>0,G$4>=Actividades!$E38,MOD(G$4-Actividades!$E38,IFERROR(VLOOKUP(Actividades!$D38,Listas!$A$2:$B$8,2,0),52))=0),"P","")) | H75: =IF($A75="","",IF(AND(N(Actividades!$E38)>0,H$4>=Actividades!$E38,MOD(H$4-Actividades!$E38,IFERROR(VLOOKUP(Actividades!$D38,Listas!$A$2:$B$8,2,0),52))=0),"P","")) | I75: =IF($A75="","",IF(AND(N(Actividades!$E38)>0,I$4>=Actividades!$E38,MOD(I$4-Actividades!$E38,IFERROR(VLOOKUP(Actividades!$D38,Listas!$A$2:$B$8,2,0),52))=0),"P","")) | J75: =IF($A75="","",IF(AND(N(Actividades!$E38)>0,J$4>=Actividades!$E38,MOD(J$4-Actividades!$E38,IFERROR(VLOOKUP(Actividades!$D38,Listas!$A$2:$B$8,2,0),52))=0),"P","")) | K75: =IF($A75="","",IF(AND(N(Actividades!$E38)>0,K$4>=Actividades!$E38,MOD(K$4-Actividades!$E38,IFERROR(VLOOKUP(Actividades!$D38,Listas!$A$2:$B$8,2,0),52))=0),"P","")) | ... BC75: =IF($A75="","",IF(AND(N(Actividades!$E38)>0,BC$4>=Actividades!$E38,MOD(BC$4-Actividades!$E38,IFERROR(VLOOKUP(Actividades!$D38,Listas!$A$2:$B$8,2,0),52))=0),"P","")) | BD75: =IF($A75="","",COUNTIF(D75:BC75,"P")) | BE75: =IF($A75="","",SUMPRODUCT((D75:BC75="P")*(D76:BC76="✓"))) | BF75: =IF($A75="","",IF(BD75=0,"",BE75/BD75))
C76: =IF($A75="","","Real") | D76: =IF($A75="","",IF(COUNTIFS(Historial!$B$3:$B$502,$A75,Historial!$C$3:$C$502,$B75,Historial!$G$3:$G$502,D$4,Historial!$H$3:$H$502,$B$2)>0,"✓","")) | E76: =IF($A75="","",IF(COUNTIFS(Historial!$B$3:$B$502,$A75,Historial!$C$3:$C$502,$B75,Historial!$G$3:$G$502,E$4,Historial!$H$3:$H$502,$B$2)>0,"✓","")) | F76: =IF($A75="","",IF(COUNTIFS(Historial!$B$3:$B$502,$A75,Historial!$C$3:$C$502,$B75,Historial!$G$3:$G$502,F$4,Historial!$H$3:$H$502,$B$2)>0,"✓","")) | G76: =IF($A75="","",IF(COUNTIFS(Historial!$B$3:$B$502,$A75,Historial!$C$3:$C$502,$B75,Historial!$G$3:$G$502,G$4,Historial!$H$3:$H$502,$B$2)>0,"✓","")) | H76: =IF($A75="","",IF(COUNTIFS(Historial!$B$3:$B$502,$A75,Historial!$C$3:$C$502,$B75,Historial!$G$3:$G$502,H$4,Historial!$H$3:$H$502,$B$2)>0,"✓","")) | I76: =IF($A75="","",IF(COUNTIFS(Historial!$B$3:$B$502,$A75,Historial!$C$3:$C$502,$B75,Historial!$G$3:$G$502,I$4,Historial!$H$3:$H$502,$B$2)>0,"✓","")) | J76: =IF($A75="","",IF(COUNTIFS(Historial!$B$3:$B$502,$A75,Historial!$C$3:$C$502,$B75,Historial!$G$3:$G$502,J$4,Historial!$H$3:$H$502,$B$2)>0,"✓","")) | K76: =IF($A75="","",IF(COUNTIFS(Historial!$B$3:$B$502,$A75,Historial!$C$3:$C$502,$B75,Historial!$G$3:$G$502,K$4,Historial!$H$3:$H$502,$B$2)>0,"✓","")) | ... BC76: =IF($A75="","",IF(COUNTIFS(Historial!$B$3:$B$502,$A75,Historial!$C$3:$C$502,$B75,Historial!$G$3:$G$502,BC$4,Historial!$H$3:$H$502,$B$2)>0,"✓",""))
A77: =IF(Actividades!$B39="","",Actividades!$B39) | B77: =IF(Actividades!$C39="","",Actividades!$C39) | C77: =IF($A77="","","Plan") | D77: =IF($A77="","",IF(AND(N(Actividades!$E39)>0,D$4>=Actividades!$E39,MOD(D$4-Actividades!$E39,IFERROR(VLOOKUP(Actividades!$D39,Listas!$A$2:$B$8,2,0),52))=0),"P","")) | E77: =IF($A77="","",IF(AND(N(Actividades!$E39)>0,E$4>=Actividades!$E39,MOD(E$4-Actividades!$E39,IFERROR(VLOOKUP(Actividades!$D39,Listas!$A$2:$B$8,2,0),52))=0),"P","")) | F77: =IF($A77="","",IF(AND(N(Actividades!$E39)>0,F$4>=Actividades!$E39,MOD(F$4-Actividades!$E39,IFERROR(VLOOKUP(Actividades!$D39,Listas!$A$2:$B$8,2,0),52))=0),"P","")) | G77: =IF($A77="","",IF(AND(N(Actividades!$E39)>0,G$4>=Actividades!$E39,MOD(G$4-Actividades!$E39,IFERROR(VLOOKUP(Actividades!$D39,Listas!$A$2:$B$8,2,0),52))=0),"P","")) | H77: =IF($A77="","",IF(AND(N(Actividades!$E39)>0,H$4>=Actividades!$E39,MOD(H$4-Actividades!$E39,IFERROR(VLOOKUP(Actividades!$D39,Listas!$A$2:$B$8,2,0),52))=0),"P","")) | I77: =IF($A77="","",IF(AND(N(Actividades!$E39)>0,I$4>=Actividades!$E39,MOD(I$4-Actividades!$E39,IFERROR(VLOOKUP(Actividades!$D39,Listas!$A$2:$B$8,2,0),52))=0),"P","")) | J77: =IF($A77="","",IF(AND(N(Actividades!$E39)>0,J$4>=Actividades!$E39,MOD(J$4-Actividades!$E39,IFERROR(VLOOKUP(Actividades!$D39,Listas!$A$2:$B$8,2,0),52))=0),"P","")) | K77: =IF($A77="","",IF(AND(N(Actividades!$E39)>0,K$4>=Actividades!$E39,MOD(K$4-Actividades!$E39,IFERROR(VLOOKUP(Actividades!$D39,Listas!$A$2:$B$8,2,0),52))=0),"P","")) | ... BC77: =IF($A77="","",IF(AND(N(Actividades!$E39)>0,BC$4>=Actividades!$E39,MOD(BC$4-Actividades!$E39,IFERROR(VLOOKUP(Actividades!$D39,Listas!$A$2:$B$8,2,0),52))=0),"P","")) | BD77: =IF($A77="","",COUNTIF(D77:BC77,"P")) | BE77: =IF($A77="","",SUMPRODUCT((D77:BC77="P")*(D78:BC78="✓"))) | BF77: =IF($A77="","",IF(BD77=0,"",BE77/BD77))
C78: =IF($A77="","","Real") | D78: =IF($A77="","",IF(COUNTIFS(Historial!$B$3:$B$502,$A77,Historial!$C$3:$C$502,$B77,Historial!$G$3:$G$502,D$4,Historial!$H$3:$H$502,$B$2)>0,"✓","")) | E78: =IF($A77="","",IF(COUNTIFS(Historial!$B$3:$B$502,$A77,Historial!$C$3:$C$502,$B77,Historial!$G$3:$G$502,E$4,Historial!$H$3:$H$502,$B$2)>0,"✓","")) | F78: =IF($A77="","",IF(COUNTIFS(Historial!$B$3:$B$502,$A77,Historial!$C$3:$C$502,$B77,Historial!$G$3:$G$502,F$4,Historial!$H$3:$H$502,$B$2)>0,"✓","")) | G78: =IF($A77="","",IF(COUNTIFS(Historial!$B$3:$B$502,$A77,Historial!$C$3:$C$502,$B77,Historial!$G$3:$G$502,G$4,Historial!$H$3:$H$502,$B$2)>0,"✓","")) | H78: =IF($A77="","",IF(COUNTIFS(Historial!$B$3:$B$502,$A77,Historial!$C$3:$C$502,$B77,Historial!$G$3:$G$502,H$4,Historial!$H$3:$H$502,$B$2)>0,"✓","")) | I78: =IF($A77="","",IF(COUNTIFS(Historial!$B$3:$B$502,$A77,Historial!$C$3:$C$502,$B77,Historial!$G$3:$G$502,I$4,Historial!$H$3:$H$502,$B$2)>0,"✓","")) | J78: =IF($A77="","",IF(COUNTIFS(Historial!$B$3:$B$502,$A77,Historial!$C$3:$C$502,$B77,Historial!$G$3:$G$502,J$4,Historial!$H$3:$H$502,$B$2)>0,"✓","")) | K78: =IF($A77="","",IF(COUNTIFS(Historial!$B$3:$B$502,$A77,Historial!$C$3:$C$502,$B77,Historial!$G$3:$G$502,K$4,Historial!$H$3:$H$502,$B$2)>0,"✓","")) | ... BC78: =IF($A77="","",IF(COUNTIFS(Historial!$B$3:$B$502,$A77,Historial!$C$3:$C$502,$B77,Historial!$G$3:$G$502,BC$4,Historial!$H$3:$H$502,$B$2)>0,"✓",""))
A79: =IF(Actividades!$B40="","",Actividades!$B40) | B79: =IF(Actividades!$C40="","",Actividades!$C40) | C79: =IF($A79="","","Plan") | D79: =IF($A79="","",IF(AND(N(Actividades!$E40)>0,D$4>=Actividades!$E40,MOD(D$4-Actividades!$E40,IFERROR(VLOOKUP(Actividades!$D40,Listas!$A$2:$B$8,2,0),52))=0),"P","")) | E79: =IF($A79="","",IF(AND(N(Actividades!$E40)>0,E$4>=Actividades!$E40,MOD(E$4-Actividades!$E40,IFERROR(VLOOKUP(Actividades!$D40,Listas!$A$2:$B$8,2,0),52))=0),"P","")) | F79: =IF($A79="","",IF(AND(N(Actividades!$E40)>0,F$4>=Actividades!$E40,MOD(F$4-Actividades!$E40,IFERROR(VLOOKUP(Actividades!$D40,Listas!$A$2:$B$8,2,0),52))=0),"P","")) | G79: =IF($A79="","",IF(AND(N(Actividades!$E40)>0,G$4>=Actividades!$E40,MOD(G$4-Actividades!$E40,IFERROR(VLOOKUP(Actividades!$D40,Listas!$A$2:$B$8,2,0),52))=0),"P","")) | H79: =IF($A79="","",IF(AND(N(Actividades!$E40)>0,H$4>=Actividades!$E40,MOD(H$4-Actividades!$E40,IFERROR(VLOOKUP(Actividades!$D40,Listas!$A$2:$B$8,2,0),52))=0),"P","")) | I79: =IF($A79="","",IF(AND(N(Actividades!$E40)>0,I$4>=Actividades!$E40,MOD(I$4-Actividades!$E40,IFERROR(VLOOKUP(Actividades!$D40,Listas!$A$2:$B$8,2,0),52))=0),"P","")) | J79: =IF($A79="","",IF(AND(N(Actividades!$E40)>0,J$4>=Actividades!$E40,MOD(J$4-Actividades!$E40,IFERROR(VLOOKUP(Actividades!$D40,Listas!$A$2:$B$8,2,0),52))=0),"P","")) | K79: =IF($A79="","",IF(AND(N(Actividades!$E40)>0,K$4>=Actividades!$E40,MOD(K$4-Actividades!$E40,IFERROR(VLOOKUP(Actividades!$D40,Listas!$A$2:$B$8,2,0),52))=0),"P","")) | ... BC79: =IF($A79="","",IF(AND(N(Actividades!$E40)>0,BC$4>=Actividades!$E40,MOD(BC$4-Actividades!$E40,IFERROR(VLOOKUP(Actividades!$D40,Listas!$A$2:$B$8,2,0),52))=0),"P","")) | BD79: =IF($A79="","",COUNTIF(D79:BC79,"P")) | BE79: =IF($A79="","",SUMPRODUCT((D79:BC79="P")*(D80:BC80="✓"))) | BF79: =IF($A79="","",IF(BD79=0,"",BE79/BD79))
C80: =IF($A79="","","Real") | D80: =IF($A79="","",IF(COUNTIFS(Historial!$B$3:$B$502,$A79,Historial!$C$3:$C$502,$B79,Historial!$G$3:$G$502,D$4,Historial!$H$3:$H$502,$B$2)>0,"✓","")) | E80: =IF($A79="","",IF(COUNTIFS(Historial!$B$3:$B$502,$A79,Historial!$C$3:$C$502,$B79,Historial!$G$3:$G$502,E$4,Historial!$H$3:$H$502,$B$2)>0,"✓","")) | F80: =IF($A79="","",IF(COUNTIFS(Historial!$B$3:$B$502,$A79,Historial!$C$3:$C$502,$B79,Historial!$G$3:$G$502,F$4,Historial!$H$3:$H$502,$B$2)>0,"✓","")) | G80: =IF($A79="","",IF(COUNTIFS(Historial!$B$3:$B$502,$A79,Historial!$C$3:$C$502,$B79,Historial!$G$3:$G$502,G$4,Historial!$H$3:$H$502,$B$2)>0,"✓","")) | H80: =IF($A79="","",IF(COUNTIFS(Historial!$B$3:$B$502,$A79,Historial!$C$3:$C$502,$B79,Historial!$G$3:$G$502,H$4,Historial!$H$3:$H$502,$B$2)>0,"✓","")) | I80: =IF($A79="","",IF(COUNTIFS(Historial!$B$3:$B$502,$A79,Historial!$C$3:$C$502,$B79,Historial!$G$3:$G$502,I$4,Historial!$H$3:$H$502,$B$2)>0,"✓","")) | J80: =IF($A79="","",IF(COUNTIFS(Historial!$B$3:$B$502,$A79,Historial!$C$3:$C$502,$B79,Historial!$G$3:$G$502,J$4,Historial!$H$3:$H$502,$B$2)>0,"✓","")) | K80: =IF($A79="","",IF(COUNTIFS(Historial!$B$3:$B$502,$A79,Historial!$C$3:$C$502,$B79,Historial!$G$3:$G$502,K$4,Historial!$H$3:$H$502,$B$2)>0,"✓","")) | ... BC80: =IF($A79="","",IF(COUNTIFS(Historial!$B$3:$B$502,$A79,Historial!$C$3:$C$502,$B79,Historial!$G$3:$G$502,BC$4,Historial!$H$3:$H$502,$B$2)>0,"✓",""))
A81: =IF(Actividades!$B41="","",Actividades!$B41) | B81: =IF(Actividades!$C41="","",Actividades!$C41) | C81: =IF($A81="","","Plan") | D81: =IF($A81="","",IF(AND(N(Actividades!$E41)>0,D$4>=Actividades!$E41,MOD(D$4-Actividades!$E41,IFERROR(VLOOKUP(Actividades!$D41,Listas!$A$2:$B$8,2,0),52))=0),"P","")) | E81: =IF($A81="","",IF(AND(N(Actividades!$E41)>0,E$4>=Actividades!$E41,MOD(E$4-Actividades!$E41,IFERROR(VLOOKUP(Actividades!$D41,Listas!$A$2:$B$8,2,0),52))=0),"P","")) | F81: =IF($A81="","",IF(AND(N(Actividades!$E41)>0,F$4>=Actividades!$E41,MOD(F$4-Actividades!$E41,IFERROR(VLOOKUP(Actividades!$D41,Listas!$A$2:$B$8,2,0),52))=0),"P","")) | G81: =IF($A81="","",IF(AND(N(Actividades!$E41)>0,G$4>=Actividades!$E41,MOD(G$4-Actividades!$E41,IFERROR(VLOOKUP(Actividades!$D41,Listas!$A$2:$B$8,2,0),52))=0),"P","")) | H81: =IF($A81="","",IF(AND(N(Actividades!$E41)>0,H$4>=Actividades!$E41,MOD(H$4-Actividades!$E41,IFERROR(VLOOKUP(Actividades!$D41,Listas!$A$2:$B$8,2,0),52))=0),"P","")) | I81: =IF($A81="","",IF(AND(N(Actividades!$E41)>0,I$4>=Actividades!$E41,MOD(I$4-Actividades!$E41,IFERROR(VLOOKUP(Actividades!$D41,Listas!$A$2:$B$8,2,0),52))=0),"P","")) | J81: =IF($A81="","",IF(AND(N(Actividades!$E41)>0,J$4>=Actividades!$E41,MOD(J$4-Actividades!$E41,IFERROR(VLOOKUP(Actividades!$D41,Listas!$A$2:$B$8,2,0),52))=0),"P","")) | K81: =IF($A81="","",IF(AND(N(Actividades!$E41)>0,K$4>=Actividades!$E41,MOD(K$4-Actividades!$E41,IFERROR(VLOOKUP(Actividades!$D41,Listas!$A$2:$B$8,2,0),52))=0),"P","")) | ... BC81: =IF($A81="","",IF(AND(N(Actividades!$E41)>0,BC$4>=Actividades!$E41,MOD(BC$4-Actividades!$E41,IFERROR(VLOOKUP(Actividades!$D41,Listas!$A$2:$B$8,2,0),52))=0),"P","")) | BD81: =IF($A81="","",COUNTIF(D81:BC81,"P")) | BE81: =IF($A81="","",SUMPRODUCT((D81:BC81="P")*(D82:BC82="✓"))) | BF81: =IF($A81="","",IF(BD81=0,"",BE81/BD81))
C82: =IF($A81="","","Real") | D82: =IF($A81="","",IF(COUNTIFS(Historial!$B$3:$B$502,$A81,Historial!$C$3:$C$502,$B81,Historial!$G$3:$G$502,D$4,Historial!$H$3:$H$502,$B$2)>0,"✓","")) | E82: =IF($A81="","",IF(COUNTIFS(Historial!$B$3:$B$502,$A81,Historial!$C$3:$C$502,$B81,Historial!$G$3:$G$502,E$4,Historial!$H$3:$H$502,$B$2)>0,"✓","")) | F82: =IF($A81="","",IF(COUNTIFS(Historial!$B$3:$B$502,$A81,Historial!$C$3:$C$502,$B81,Historial!$G$3:$G$502,F$4,Historial!$H$3:$H$502,$B$2)>0,"✓","")) | G82: =IF($A81="","",IF(COUNTIFS(Historial!$B$3:$B$502,$A81,Historial!$C$3:$C$502,$B81,Historial!$G$3:$G$502,G$4,Historial!$H$3:$H$502,$B$2)>0,"✓","")) | H82: =IF($A81="","",IF(COUNTIFS(Historial!$B$3:$B$502,$A81,Historial!$C$3:$C$502,$B81,Historial!$G$3:$G$502,H$4,Historial!$H$3:$H$502,$B$2)>0,"✓","")) | I82: =IF($A81="","",IF(COUNTIFS(Historial!$B$3:$B$502,$A81,Historial!$C$3:$C$502,$B81,Historial!$G$3:$G$502,I$4,Historial!$H$3:$H$502,$B$2)>0,"✓","")) | J82: =IF($A81="","",IF(COUNTIFS(Historial!$B$3:$B$502,$A81,Historial!$C$3:$C$502,$B81,Historial!$G$3:$G$502,J$4,Historial!$H$3:$H$502,$B$2)>0,"✓","")) | K82: =IF($A81="","",IF(COUNTIFS(Historial!$B$3:$B$502,$A81,Historial!$C$3:$C$502,$B81,Historial!$G$3:$G$502,K$4,Historial!$H$3:$H$502,$B$2)>0,"✓","")) | ... BC82: =IF($A81="","",IF(COUNTIFS(Historial!$B$3:$B$502,$A81,Historial!$C$3:$C$502,$B81,Historial!$G$3:$G$502,BC$4,Historial!$H$3:$H$502,$B$2)>0,"✓",""))
A83: =IF(Actividades!$B42="","",Actividades!$B42) | B83: =IF(Actividades!$C42="","",Actividades!$C42) | C83: =IF($A83="","","Plan") | D83: =IF($A83="","",IF(AND(N(Actividades!$E42)>0,D$4>=Actividades!$E42,MOD(D$4-Actividades!$E42,IFERROR(VLOOKUP(Actividades!$D42,Listas!$A$2:$B$8,2,0),52))=0),"P","")) | E83: =IF($A83="","",IF(AND(N(Actividades!$E42)>0,E$4>=Actividades!$E42,MOD(E$4-Actividades!$E42,IFERROR(VLOOKUP(Actividades!$D42,Listas!$A$2:$B$8,2,0),52))=0),"P","")) | F83: =IF($A83="","",IF(AND(N(Actividades!$E42)>0,F$4>=Actividades!$E42,MOD(F$4-Actividades!$E42,IFERROR(VLOOKUP(Actividades!$D42,Listas!$A$2:$B$8,2,0),52))=0),"P","")) | G83: =IF($A83="","",IF(AND(N(Actividades!$E42)>0,G$4>=Actividades!$E42,MOD(G$4-Actividades!$E42,IFERROR(VLOOKUP(Actividades!$D42,Listas!$A$2:$B$8,2,0),52))=0),"P","")) | H83: =IF($A83="","",IF(AND(N(Actividades!$E42)>0,H$4>=Actividades!$E42,MOD(H$4-Actividades!$E42,IFERROR(VLOOKUP(Actividades!$D42,Listas!$A$2:$B$8,2,0),52))=0),"P","")) | I83: =IF($A83="","",IF(AND(N(Actividades!$E42)>0,I$4>=Actividades!$E42,MOD(I$4-Actividades!$E42,IFERROR(VLOOKUP(Actividades!$D42,Listas!$A$2:$B$8,2,0),52))=0),"P","")) | J83: =IF($A83="","",IF(AND(N(Actividades!$E42)>0,J$4>=Actividades!$E42,MOD(J$4-Actividades!$E42,IFERROR(VLOOKUP(Actividades!$D42,Listas!$A$2:$B$8,2,0),52))=0),"P","")) | K83: =IF($A83="","",IF(AND(N(Actividades!$E42)>0,K$4>=Actividades!$E42,MOD(K$4-Actividades!$E42,IFERROR(VLOOKUP(Actividades!$D42,Listas!$A$2:$B$8,2,0),52))=0),"P","")) | ... BC83: =IF($A83="","",IF(AND(N(Actividades!$E42)>0,BC$4>=Actividades!$E42,MOD(BC$4-Actividades!$E42,IFERROR(VLOOKUP(Actividades!$D42,Listas!$A$2:$B$8,2,0),52))=0),"P","")) | BD83: =IF($A83="","",COUNTIF(D83:BC83,"P")) | BE83: =IF($A83="","",SUMPRODUCT((D83:BC83="P")*(D84:BC84="✓"))) | BF83: =IF($A83="","",IF(BD83=0,"",BE83/BD83))
C84: =IF($A83="","","Real") | D84: =IF($A83="","",IF(COUNTIFS(Historial!$B$3:$B$502,$A83,Historial!$C$3:$C$502,$B83,Historial!$G$3:$G$502,D$4,Historial!$H$3:$H$502,$B$2)>0,"✓","")) | E84: =IF($A83="","",IF(COUNTIFS(Historial!$B$3:$B$502,$A83,Historial!$C$3:$C$502,$B83,Historial!$G$3:$G$502,E$4,Historial!$H$3:$H$502,$B$2)>0,"✓","")) | F84: =IF($A83="","",IF(COUNTIFS(Historial!$B$3:$B$502,$A83,Historial!$C$3:$C$502,$B83,Historial!$G$3:$G$502,F$4,Historial!$H$3:$H$502,$B$2)>0,"✓","")) | G84: =IF($A83="","",IF(COUNTIFS(Historial!$B$3:$B$502,$A83,Historial!$C$3:$C$502,$B83,Historial!$G$3:$G$502,G$4,Historial!$H$3:$H$502,$B$2)>0,"✓","")) | H84: =IF($A83="","",IF(COUNTIFS(Historial!$B$3:$B$502,$A83,Historial!$C$3:$C$502,$B83,Historial!$G$3:$G$502,H$4,Historial!$H$3:$H$502,$B$2)>0,"✓","")) | I84: =IF($A83="","",IF(COUNTIFS(Historial!$B$3:$B$502,$A83,Historial!$C$3:$C$502,$B83,Historial!$G$3:$G$502,I$4,Historial!$H$3:$H$502,$B$2)>0,"✓","")) | J84: =IF($A83="","",IF(COUNTIFS(Historial!$B$3:$B$502,$A83,Historial!$C$3:$C$502,$B83,Historial!$G$3:$G$502,J$4,Historial!$H$3:$H$502,$B$2)>0,"✓","")) | K84: =IF($A83="","",IF(COUNTIFS(Historial!$B$3:$B$502,$A83,Historial!$C$3:$C$502,$B83,Historial!$G$3:$G$502,K$4,Historial!$H$3:$H$502,$B$2)>0,"✓","")) | ... BC84: =IF($A83="","",IF(COUNTIFS(Historial!$B$3:$B$502,$A83,Historial!$C$3:$C$502,$B83,Historial!$G$3:$G$502,BC$4,Historial!$H$3:$H$502,$B$2)>0,"✓",""))
A85: =IF(Actividades!$B43="","",Actividades!$B43) | B85: =IF(Actividades!$C43="","",Actividades!$C43) | C85: =IF($A85="","","Plan") | D85: =IF($A85="","",IF(AND(N(Actividades!$E43)>0,D$4>=Actividades!$E43,MOD(D$4-Actividades!$E43,IFERROR(VLOOKUP(Actividades!$D43,Listas!$A$2:$B$8,2,0),52))=0),"P","")) | E85: =IF($A85="","",IF(AND(N(Actividades!$E43)>0,E$4>=Actividades!$E43,MOD(E$4-Actividades!$E43,IFERROR(VLOOKUP(Actividades!$D43,Listas!$A$2:$B$8,2,0),52))=0),"P","")) | F85: =IF($A85="","",IF(AND(N(Actividades!$E43)>0,F$4>=Actividades!$E43,MOD(F$4-Actividades!$E43,IFERROR(VLOOKUP(Actividades!$D43,Listas!$A$2:$B$8,2,0),52))=0),"P","")) | G85: =IF($A85="","",IF(AND(N(Actividades!$E43)>0,G$4>=Actividades!$E43,MOD(G$4-Actividades!$E43,IFERROR(VLOOKUP(Actividades!$D43,Listas!$A$2:$B$8,2,0),52))=0),"P","")) | H85: =IF($A85="","",IF(AND(N(Actividades!$E43)>0,H$4>=Actividades!$E43,MOD(H$4-Actividades!$E43,IFERROR(VLOOKUP(Actividades!$D43,Listas!$A$2:$B$8,2,0),52))=0),"P","")) | I85: =IF($A85="","",IF(AND(N(Actividades!$E43)>0,I$4>=Actividades!$E43,MOD(I$4-Actividades!$E43,IFERROR(VLOOKUP(Actividades!$D43,Listas!$A$2:$B$8,2,0),52))=0),"P","")) | J85: =IF($A85="","",IF(AND(N(Actividades!$E43)>0,J$4>=Actividades!$E43,MOD(J$4-Actividades!$E43,IFERROR(VLOOKUP(Actividades!$D43,Listas!$A$2:$B$8,2,0),52))=0),"P","")) | K85: =IF($A85="","",IF(AND(N(Actividades!$E43)>0,K$4>=Actividades!$E43,MOD(K$4-Actividades!$E43,IFERROR(VLOOKUP(Actividades!$D43,Listas!$A$2:$B$8,2,0),52))=0),"P","")) | ... BC85: =IF($A85="","",IF(AND(N(Actividades!$E43)>0,BC$4>=Actividades!$E43,MOD(BC$4-Actividades!$E43,IFERROR(VLOOKUP(Actividades!$D43,Listas!$A$2:$B$8,2,0),52))=0),"P","")) | BD85: =IF($A85="","",COUNTIF(D85:BC85,"P")) | BE85: =IF($A85="","",SUMPRODUCT((D85:BC85="P")*(D86:BC86="✓"))) | BF85: =IF($A85="","",IF(BD85=0,"",BE85/BD85))
C86: =IF($A85="","","Real") | D86: =IF($A85="","",IF(COUNTIFS(Historial!$B$3:$B$502,$A85,Historial!$C$3:$C$502,$B85,Historial!$G$3:$G$502,D$4,Historial!$H$3:$H$502,$B$2)>0,"✓","")) | E86: =IF($A85="","",IF(COUNTIFS(Historial!$B$3:$B$502,$A85,Historial!$C$3:$C$502,$B85,Historial!$G$3:$G$502,E$4,Historial!$H$3:$H$502,$B$2)>0,"✓","")) | F86: =IF($A85="","",IF(COUNTIFS(Historial!$B$3:$B$502,$A85,Historial!$C$3:$C$502,$B85,Historial!$G$3:$G$502,F$4,Historial!$H$3:$H$502,$B$2)>0,"✓","")) | G86: =IF($A85="","",IF(COUNTIFS(Historial!$B$3:$B$502,$A85,Historial!$C$3:$C$502,$B85,Historial!$G$3:$G$502,G$4,Historial!$H$3:$H$502,$B$2)>0,"✓","")) | H86: =IF($A85="","",IF(COUNTIFS(Historial!$B$3:$B$502,$A85,Historial!$C$3:$C$502,$B85,Historial!$G$3:$G$502,H$4,Historial!$H$3:$H$502,$B$2)>0,"✓","")) | I86: =IF($A85="","",IF(COUNTIFS(Historial!$B$3:$B$502,$A85,Historial!$C$3:$C$502,$B85,Historial!$G$3:$G$502,I$4,Historial!$H$3:$H$502,$B$2)>0,"✓","")) | J86: =IF($A85="","",IF(COUNTIFS(Historial!$B$3:$B$502,$A85,Historial!$C$3:$C$502,$B85,Historial!$G$3:$G$502,J$4,Historial!$H$3:$H$502,$B$2)>0,"✓","")) | K86: =IF($A85="","",IF(COUNTIFS(Historial!$B$3:$B$502,$A85,Historial!$C$3:$C$502,$B85,Historial!$G$3:$G$502,K$4,Historial!$H$3:$H$502,$B$2)>0,"✓","")) | ... BC86: =IF($A85="","",IF(COUNTIFS(Historial!$B$3:$B$502,$A85,Historial!$C$3:$C$502,$B85,Historial!$G$3:$G$502,BC$4,Historial!$H$3:$H$502,$B$2)>0,"✓",""))
A87: =IF(Actividades!$B44="","",Actividades!$B44) | B87: =IF(Actividades!$C44="","",Actividades!$C44) | C87: =IF($A87="","","Plan") | D87: =IF($A87="","",IF(AND(N(Actividades!$E44)>0,D$4>=Actividades!$E44,MOD(D$4-Actividades!$E44,IFERROR(VLOOKUP(Actividades!$D44,Listas!$A$2:$B$8,2,0),52))=0),"P","")) | E87: =IF($A87="","",IF(AND(N(Actividades!$E44)>0,E$4>=Actividades!$E44,MOD(E$4-Actividades!$E44,IFERROR(VLOOKUP(Actividades!$D44,Listas!$A$2:$B$8,2,0),52))=0),"P","")) | F87: =IF($A87="","",IF(AND(N(Actividades!$E44)>0,F$4>=Actividades!$E44,MOD(F$4-Actividades!$E44,IFERROR(VLOOKUP(Actividades!$D44,Listas!$A$2:$B$8,2,0),52))=0),"P","")) | G87: =IF($A87="","",IF(AND(N(Actividades!$E44)>0,G$4>=Actividades!$E44,MOD(G$4-Actividades!$E44,IFERROR(VLOOKUP(Actividades!$D44,Listas!$A$2:$B$8,2,0),52))=0),"P","")) | H87: =IF($A87="","",IF(AND(N(Actividades!$E44)>0,H$4>=Actividades!$E44,MOD(H$4-Actividades!$E44,IFERROR(VLOOKUP(Actividades!$D44,Listas!$A$2:$B$8,2,0),52))=0),"P","")) | I87: =IF($A87="","",IF(AND(N(Actividades!$E44)>0,I$4>=Actividades!$E44,MOD(I$4-Actividades!$E44,IFERROR(VLOOKUP(Actividades!$D44,Listas!$A$2:$B$8,2,0),52))=0),"P","")) | J87: =IF($A87="","",IF(AND(N(Actividades!$E44)>0,J$4>=Actividades!$E44,MOD(J$4-Actividades!$E44,IFERROR(VLOOKUP(Actividades!$D44,Listas!$A$2:$B$8,2,0),52))=0),"P","")) | K87: =IF($A87="","",IF(AND(N(Actividades!$E44)>0,K$4>=Actividades!$E44,MOD(K$4-Actividades!$E44,IFERROR(VLOOKUP(Actividades!$D44,Listas!$A$2:$B$8,2,0),52))=0),"P","")) | ... BC87: =IF($A87="","",IF(AND(N(Actividades!$E44)>0,BC$4>=Actividades!$E44,MOD(BC$4-Actividades!$E44,IFERROR(VLOOKUP(Actividades!$D44,Listas!$A$2:$B$8,2,0),52))=0),"P","")) | BD87: =IF($A87="","",COUNTIF(D87:BC87,"P")) | BE87: =IF($A87="","",SUMPRODUCT((D87:BC87="P")*(D88:BC88="✓"))) | BF87: =IF($A87="","",IF(BD87=0,"",BE87/BD87))
C88: =IF($A87="","","Real") | D88: =IF($A87="","",IF(COUNTIFS(Historial!$B$3:$B$502,$A87,Historial!$C$3:$C$502,$B87,Historial!$G$3:$G$502,D$4,Historial!$H$3:$H$502,$B$2)>0,"✓","")) | E88: =IF($A87="","",IF(COUNTIFS(Historial!$B$3:$B$502,$A87,Historial!$C$3:$C$502,$B87,Historial!$G$3:$G$502,E$4,Historial!$H$3:$H$502,$B$2)>0,"✓","")) | F88: =IF($A87="","",IF(COUNTIFS(Historial!$B$3:$B$502,$A87,Historial!$C$3:$C$502,$B87,Historial!$G$3:$G$502,F$4,Historial!$H$3:$H$502,$B$2)>0,"✓","")) | G88: =IF($A87="","",IF(COUNTIFS(Historial!$B$3:$B$502,$A87,Historial!$C$3:$C$502,$B87,Historial!$G$3:$G$502,G$4,Historial!$H$3:$H$502,$B$2)>0,"✓","")) | H88: =IF($A87="","",IF(COUNTIFS(Historial!$B$3:$B$502,$A87,Historial!$C$3:$C$502,$B87,Historial!$G$3:$G$502,H$4,Historial!$H$3:$H$502,$B$2)>0,"✓","")) | I88: =IF($A87="","",IF(COUNTIFS(Historial!$B$3:$B$502,$A87,Historial!$C$3:$C$502,$B87,Historial!$G$3:$G$502,I$4,Historial!$H$3:$H$502,$B$2)>0,"✓","")) | J88: =IF($A87="","",IF(COUNTIFS(Historial!$B$3:$B$502,$A87,Historial!$C$3:$C$502,$B87,Historial!$G$3:$G$502,J$4,Historial!$H$3:$H$502,$B$2)>0,"✓","")) | K88: =IF($A87="","",IF(COUNTIFS(Historial!$B$3:$B$502,$A87,Historial!$C$3:$C$502,$B87,Historial!$G$3:$G$502,K$4,Historial!$H$3:$H$502,$B$2)>0,"✓","")) | ... BC88: =IF($A87="","",IF(COUNTIFS(Historial!$B$3:$B$502,$A87,Historial!$C$3:$C$502,$B87,Historial!$G$3:$G$502,BC$4,Historial!$H$3:$H$502,$B$2)>0,"✓",""))
A89: =IF(Actividades!$B45="","",Actividades!$B45) | B89: =IF(Actividades!$C45="","",Actividades!$C45) | C89: =IF($A89="","","Plan") | D89: =IF($A89="","",IF(AND(N(Actividades!$E45)>0,D$4>=Actividades!$E45,MOD(D$4-Actividades!$E45,IFERROR(VLOOKUP(Actividades!$D45,Listas!$A$2:$B$8,2,0),52))=0),"P","")) | E89: =IF($A89="","",IF(AND(N(Actividades!$E45)>0,E$4>=Actividades!$E45,MOD(E$4-Actividades!$E45,IFERROR(VLOOKUP(Actividades!$D45,Listas!$A$2:$B$8,2,0),52))=0),"P","")) | F89: =IF($A89="","",IF(AND(N(Actividades!$E45)>0,F$4>=Actividades!$E45,MOD(F$4-Actividades!$E45,IFERROR(VLOOKUP(Actividades!$D45,Listas!$A$2:$B$8,2,0),52))=0),"P","")) | G89: =IF($A89="","",IF(AND(N(Actividades!$E45)>0,G$4>=Actividades!$E45,MOD(G$4-Actividades!$E45,IFERROR(VLOOKUP(Actividades!$D45,Listas!$A$2:$B$8,2,0),52))=0),"P","")) | H89: =IF($A89="","",IF(AND(N(Actividades!$E45)>0,H$4>=Actividades!$E45,MOD(H$4-Actividades!$E45,IFERROR(VLOOKUP(Actividades!$D45,Listas!$A$2:$B$8,2,0),52))=0),"P","")) | I89: =IF($A89="","",IF(AND(N(Actividades!$E45)>0,I$4>=Actividades!$E45,MOD(I$4-Actividades!$E45,IFERROR(VLOOKUP(Actividades!$D45,Listas!$A$2:$B$8,2,0),52))=0),"P","")) | J89: =IF($A89="","",IF(AND(N(Actividades!$E45)>0,J$4>=Actividades!$E45,MOD(J$4-Actividades!$E45,IFERROR(VLOOKUP(Actividades!$D45,Listas!$A$2:$B$8,2,0),52))=0),"P","")) | K89: =IF($A89="","",IF(AND(N(Actividades!$E45)>0,K$4>=Actividades!$E45,MOD(K$4-Actividades!$E45,IFERROR(VLOOKUP(Actividades!$D45,Listas!$A$2:$B$8,2,0),52))=0),"P","")) | ... BC89: =IF($A89="","",IF(AND(N(Actividades!$E45)>0,BC$4>=Actividades!$E45,MOD(BC$4-Actividades!$E45,IFERROR(VLOOKUP(Actividades!$D45,Listas!$A$2:$B$8,2,0),52))=0),"P","")) | BD89: =IF($A89="","",COUNTIF(D89:BC89,"P")) | BE89: =IF($A89="","",SUMPRODUCT((D89:BC89="P")*(D90:BC90="✓"))) | BF89: =IF($A89="","",IF(BD89=0,"",BE89/BD89))
C90: =IF($A89="","","Real") | D90: =IF($A89="","",IF(COUNTIFS(Historial!$B$3:$B$502,$A89,Historial!$C$3:$C$502,$B89,Historial!$G$3:$G$502,D$4,Historial!$H$3:$H$502,$B$2)>0,"✓","")) | E90: =IF($A89="","",IF(COUNTIFS(Historial!$B$3:$B$502,$A89,Historial!$C$3:$C$502,$B89,Historial!$G$3:$G$502,E$4,Historial!$H$3:$H$502,$B$2)>0,"✓","")) | F90: =IF($A89="","",IF(COUNTIFS(Historial!$B$3:$B$502,$A89,Historial!$C$3:$C$502,$B89,Historial!$G$3:$G$502,F$4,Historial!$H$3:$H$502,$B$2)>0,"✓","")) | G90: =IF($A89="","",IF(COUNTIFS(Historial!$B$3:$B$502,$A89,Historial!$C$3:$C$502,$B89,Historial!$G$3:$G$502,G$4,Historial!$H$3:$H$502,$B$2)>0,"✓","")) | H90: =IF($A89="","",IF(COUNTIFS(Historial!$B$3:$B$502,$A89,Historial!$C$3:$C$502,$B89,Historial!$G$3:$G$502,H$4,Historial!$H$3:$H$502,$B$2)>0,"✓","")) | I90: =IF($A89="","",IF(COUNTIFS(Historial!$B$3:$B$502,$A89,Historial!$C$3:$C$502,$B89,Historial!$G$3:$G$502,I$4,Historial!$H$3:$H$502,$B$2)>0,"✓","")) | J90: =IF($A89="","",IF(COUNTIFS(Historial!$B$3:$B$502,$A89,Historial!$C$3:$C$502,$B89,Historial!$G$3:$G$502,J$4,Historial!$H$3:$H$502,$B$2)>0,"✓","")) | K90: =IF($A89="","",IF(COUNTIFS(Historial!$B$3:$B$502,$A89,Historial!$C$3:$C$502,$B89,Historial!$G$3:$G$502,K$4,Historial!$H$3:$H$502,$B$2)>0,"✓","")) | ... BC90: =IF($A89="","",IF(COUNTIFS(Historial!$B$3:$B$502,$A89,Historial!$C$3:$C$502,$B89,Historial!$G$3:$G$502,BC$4,Historial!$H$3:$H$502,$B$2)>0,"✓",""))
A91: =IF(Actividades!$B46="","",Actividades!$B46) | B91: =IF(Actividades!$C46="","",Actividades!$C46) | C91: =IF($A91="","","Plan") | D91: =IF($A91="","",IF(AND(N(Actividades!$E46)>0,D$4>=Actividades!$E46,MOD(D$4-Actividades!$E46,IFERROR(VLOOKUP(Actividades!$D46,Listas!$A$2:$B$8,2,0),52))=0),"P","")) | E91: =IF($A91="","",IF(AND(N(Actividades!$E46)>0,E$4>=Actividades!$E46,MOD(E$4-Actividades!$E46,IFERROR(VLOOKUP(Actividades!$D46,Listas!$A$2:$B$8,2,0),52))=0),"P","")) | F91: =IF($A91="","",IF(AND(N(Actividades!$E46)>0,F$4>=Actividades!$E46,MOD(F$4-Actividades!$E46,IFERROR(VLOOKUP(Actividades!$D46,Listas!$A$2:$B$8,2,0),52))=0),"P","")) | G91: =IF($A91="","",IF(AND(N(Actividades!$E46)>0,G$4>=Actividades!$E46,MOD(G$4-Actividades!$E46,IFERROR(VLOOKUP(Actividades!$D46,Listas!$A$2:$B$8,2,0),52))=0),"P","")) | H91: =IF($A91="","",IF(AND(N(Actividades!$E46)>0,H$4>=Actividades!$E46,MOD(H$4-Actividades!$E46,IFERROR(VLOOKUP(Actividades!$D46,Listas!$A$2:$B$8,2,0),52))=0),"P","")) | I91: =IF($A91="","",IF(AND(N(Actividades!$E46)>0,I$4>=Actividades!$E46,MOD(I$4-Actividades!$E46,IFERROR(VLOOKUP(Actividades!$D46,Listas!$A$2:$B$8,2,0),52))=0),"P","")) | J91: =IF($A91="","",IF(AND(N(Actividades!$E46)>0,J$4>=Actividades!$E46,MOD(J$4-Actividades!$E46,IFERROR(VLOOKUP(Actividades!$D46,Listas!$A$2:$B$8,2,0),52))=0),"P","")) | K91: =IF($A91="","",IF(AND(N(Actividades!$E46)>0,K$4>=Actividades!$E46,MOD(K$4-Actividades!$E46,IFERROR(VLOOKUP(Actividades!$D46,Listas!$A$2:$B$8,2,0),52))=0),"P","")) | ... BC91: =IF($A91="","",IF(AND(N(Actividades!$E46)>0,BC$4>=Actividades!$E46,MOD(BC$4-Actividades!$E46,IFERROR(VLOOKUP(Actividades!$D46,Listas!$A$2:$B$8,2,0),52))=0),"P","")) | BD91: =IF($A91="","",COUNTIF(D91:BC91,"P")) | BE91: =IF($A91="","",SUMPRODUCT((D91:BC91="P")*(D92:BC92="✓"))) | BF91: =IF($A91="","",IF(BD91=0,"",BE91/BD91))
C92: =IF($A91="","","Real") | D92: =IF($A91="","",IF(COUNTIFS(Historial!$B$3:$B$502,$A91,Historial!$C$3:$C$502,$B91,Historial!$G$3:$G$502,D$4,Historial!$H$3:$H$502,$B$2)>0,"✓","")) | E92: =IF($A91="","",IF(COUNTIFS(Historial!$B$3:$B$502,$A91,Historial!$C$3:$C$502,$B91,Historial!$G$3:$G$502,E$4,Historial!$H$3:$H$502,$B$2)>0,"✓","")) | F92: =IF($A91="","",IF(COUNTIFS(Historial!$B$3:$B$502,$A91,Historial!$C$3:$C$502,$B91,Historial!$G$3:$G$502,F$4,Historial!$H$3:$H$502,$B$2)>0,"✓","")) | G92: =IF($A91="","",IF(COUNTIFS(Historial!$B$3:$B$502,$A91,Historial!$C$3:$C$502,$B91,Historial!$G$3:$G$502,G$4,Historial!$H$3:$H$502,$B$2)>0,"✓","")) | H92: =IF($A91="","",IF(COUNTIFS(Historial!$B$3:$B$502,$A91,Historial!$C$3:$C$502,$B91,Historial!$G$3:$G$502,H$4,Historial!$H$3:$H$502,$B$2)>0,"✓","")) | I92: =IF($A91="","",IF(COUNTIFS(Historial!$B$3:$B$502,$A91,Historial!$C$3:$C$502,$B91,Historial!$G$3:$G$502,I$4,Historial!$H$3:$H$502,$B$2)>0,"✓","")) | J92: =IF($A91="","",IF(COUNTIFS(Historial!$B$3:$B$502,$A91,Historial!$C$3:$C$502,$B91,Historial!$G$3:$G$502,J$4,Historial!$H$3:$H$502,$B$2)>0,"✓","")) | K92: =IF($A91="","",IF(COUNTIFS(Historial!$B$3:$B$502,$A91,Historial!$C$3:$C$502,$B91,Historial!$G$3:$G$502,K$4,Historial!$H$3:$H$502,$B$2)>0,"✓","")) | ... BC92: =IF($A91="","",IF(COUNTIFS(Historial!$B$3:$B$502,$A91,Historial!$C$3:$C$502,$B91,Historial!$G$3:$G$502,BC$4,Historial!$H$3:$H$502,$B$2)>0,"✓",""))
A93: =IF(Actividades!$B47="","",Actividades!$B47) | B93: =IF(Actividades!$C47="","",Actividades!$C47) | C93: =IF($A93="","","Plan") | D93: =IF($A93="","",IF(AND(N(Actividades!$E47)>0,D$4>=Actividades!$E47,MOD(D$4-Actividades!$E47,IFERROR(VLOOKUP(Actividades!$D47,Listas!$A$2:$B$8,2,0),52))=0),"P","")) | E93: =IF($A93="","",IF(AND(N(Actividades!$E47)>0,E$4>=Actividades!$E47,MOD(E$4-Actividades!$E47,IFERROR(VLOOKUP(Actividades!$D47,Listas!$A$2:$B$8,2,0),52))=0),"P","")) | F93: =IF($A93="","",IF(AND(N(Actividades!$E47)>0,F$4>=Actividades!$E47,MOD(F$4-Actividades!$E47,IFERROR(VLOOKUP(Actividades!$D47,Listas!$A$2:$B$8,2,0),52))=0),"P","")) | G93: =IF($A93="","",IF(AND(N(Actividades!$E47)>0,G$4>=Actividades!$E47,MOD(G$4-Actividades!$E47,IFERROR(VLOOKUP(Actividades!$D47,Listas!$A$2:$B$8,2,0),52))=0),"P","")) | H93: =IF($A93="","",IF(AND(N(Actividades!$E47)>0,H$4>=Actividades!$E47,MOD(H$4-Actividades!$E47,IFERROR(VLOOKUP(Actividades!$D47,Listas!$A$2:$B$8,2,0),52))=0),"P","")) | I93: =IF($A93="","",IF(AND(N(Actividades!$E47)>0,I$4>=Actividades!$E47,MOD(I$4-Actividades!$E47,IFERROR(VLOOKUP(Actividades!$D47,Listas!$A$2:$B$8,2,0),52))=0),"P","")) | J93: =IF($A93="","",IF(AND(N(Actividades!$E47)>0,J$4>=Actividades!$E47,MOD(J$4-Actividades!$E47,IFERROR(VLOOKUP(Actividades!$D47,Listas!$A$2:$B$8,2,0),52))=0),"P","")) | K93: =IF($A93="","",IF(AND(N(Actividades!$E47)>0,K$4>=Actividades!$E47,MOD(K$4-Actividades!$E47,IFERROR(VLOOKUP(Actividades!$D47,Listas!$A$2:$B$8,2,0),52))=0),"P","")) | ... BC93: =IF($A93="","",IF(AND(N(Actividades!$E47)>0,BC$4>=Actividades!$E47,MOD(BC$4-Actividades!$E47,IFERROR(VLOOKUP(Actividades!$D47,Listas!$A$2:$B$8,2,0),52))=0),"P","")) | BD93: =IF($A93="","",COUNTIF(D93:BC93,"P")) | BE93: =IF($A93="","",SUMPRODUCT((D93:BC93="P")*(D94:BC94="✓"))) | BF93: =IF($A93="","",IF(BD93=0,"",BE93/BD93))
C94: =IF($A93="","","Real") | D94: =IF($A93="","",IF(COUNTIFS(Historial!$B$3:$B$502,$A93,Historial!$C$3:$C$502,$B93,Historial!$G$3:$G$502,D$4,Historial!$H$3:$H$502,$B$2)>0,"✓","")) | E94: =IF($A93="","",IF(COUNTIFS(Historial!$B$3:$B$502,$A93,Historial!$C$3:$C$502,$B93,Historial!$G$3:$G$502,E$4,Historial!$H$3:$H$502,$B$2)>0,"✓","")) | F94: =IF($A93="","",IF(COUNTIFS(Historial!$B$3:$B$502,$A93,Historial!$C$3:$C$502,$B93,Historial!$G$3:$G$502,F$4,Historial!$H$3:$H$502,$B$2)>0,"✓","")) | G94: =IF($A93="","",IF(COUNTIFS(Historial!$B$3:$B$502,$A93,Historial!$C$3:$C$502,$B93,Historial!$G$3:$G$502,G$4,Historial!$H$3:$H$502,$B$2)>0,"✓","")) | H94: =IF($A93="","",IF(COUNTIFS(Historial!$B$3:$B$502,$A93,Historial!$C$3:$C$502,$B93,Historial!$G$3:$G$502,H$4,Historial!$H$3:$H$502,$B$2)>0,"✓","")) | I94: =IF($A93="","",IF(COUNTIFS(Historial!$B$3:$B$502,$A93,Historial!$C$3:$C$502,$B93,Historial!$G$3:$G$502,I$4,Historial!$H$3:$H$502,$B$2)>0,"✓","")) | J94: =IF($A93="","",IF(COUNTIFS(Historial!$B$3:$B$502,$A93,Historial!$C$3:$C$502,$B93,Historial!$G$3:$G$502,J$4,Historial!$H$3:$H$502,$B$2)>0,"✓","")) | K94: =IF($A93="","",IF(COUNTIFS(Historial!$B$3:$B$502,$A93,Historial!$C$3:$C$502,$B93,Historial!$G$3:$G$502,K$4,Historial!$H$3:$H$502,$B$2)>0,"✓","")) | ... BC94: =IF($A93="","",IF(COUNTIFS(Historial!$B$3:$B$502,$A93,Historial!$C$3:$C$502,$B93,Historial!$G$3:$G$502,BC$4,Historial!$H$3:$H$502,$B$2)>0,"✓",""))
A95: =IF(Actividades!$B48="","",Actividades!$B48) | B95: =IF(Actividades!$C48="","",Actividades!$C48) | C95: =IF($A95="","","Plan") | D95: =IF($A95="","",IF(AND(N(Actividades!$E48)>0,D$4>=Actividades!$E48,MOD(D$4-Actividades!$E48,IFERROR(VLOOKUP(Actividades!$D48,Listas!$A$2:$B$8,2,0),52))=0),"P","")) | E95: =IF($A95="","",IF(AND(N(Actividades!$E48)>0,E$4>=Actividades!$E48,MOD(E$4-Actividades!$E48,IFERROR(VLOOKUP(Actividades!$D48,Listas!$A$2:$B$8,2,0),52))=0),"P","")) | F95: =IF($A95="","",IF(AND(N(Actividades!$E48)>0,F$4>=Actividades!$E48,MOD(F$4-Actividades!$E48,IFERROR(VLOOKUP(Actividades!$D48,Listas!$A$2:$B$8,2,0),52))=0),"P","")) | G95: =IF($A95="","",IF(AND(N(Actividades!$E48)>0,G$4>=Actividades!$E48,MOD(G$4-Actividades!$E48,IFERROR(VLOOKUP(Actividades!$D48,Listas!$A$2:$B$8,2,0),52))=0),"P","")) | H95: =IF($A95="","",IF(AND(N(Actividades!$E48)>0,H$4>=Actividades!$E48,MOD(H$4-Actividades!$E48,IFERROR(VLOOKUP(Actividades!$D48,Listas!$A$2:$B$8,2,0),52))=0),"P","")) | I95: =IF($A95="","",IF(AND(N(Actividades!$E48)>0,I$4>=Actividades!$E48,MOD(I$4-Actividades!$E48,IFERROR(VLOOKUP(Actividades!$D48,Listas!$A$2:$B$8,2,0),52))=0),"P","")) | J95: =IF($A95="","",IF(AND(N(Actividades!$E48)>0,J$4>=Actividades!$E48,MOD(J$4-Actividades!$E48,IFERROR(VLOOKUP(Actividades!$D48,Listas!$A$2:$B$8,2,0),52))=0),"P","")) | K95: =IF($A95="","",IF(AND(N(Actividades!$E48)>0,K$4>=Actividades!$E48,MOD(K$4-Actividades!$E48,IFERROR(VLOOKUP(Actividades!$D48,Listas!$A$2:$B$8,2,0),52))=0),"P","")) | ... BC95: =IF($A95="","",IF(AND(N(Actividades!$E48)>0,BC$4>=Actividades!$E48,MOD(BC$4-Actividades!$E48,IFERROR(VLOOKUP(Actividades!$D48,Listas!$A$2:$B$8,2,0),52))=0),"P","")) | BD95: =IF($A95="","",COUNTIF(D95:BC95,"P")) | BE95: =IF($A95="","",SUMPRODUCT((D95:BC95="P")*(D96:BC96="✓"))) | BF95: =IF($A95="","",IF(BD95=0,"",BE95/BD95))
C96: =IF($A95="","","Real") | D96: =IF($A95="","",IF(COUNTIFS(Historial!$B$3:$B$502,$A95,Historial!$C$3:$C$502,$B95,Historial!$G$3:$G$502,D$4,Historial!$H$3:$H$502,$B$2)>0,"✓","")) | E96: =IF($A95="","",IF(COUNTIFS(Historial!$B$3:$B$502,$A95,Historial!$C$3:$C$502,$B95,Historial!$G$3:$G$502,E$4,Historial!$H$3:$H$502,$B$2)>0,"✓","")) | F96: =IF($A95="","",IF(COUNTIFS(Historial!$B$3:$B$502,$A95,Historial!$C$3:$C$502,$B95,Historial!$G$3:$G$502,F$4,Historial!$H$3:$H$502,$B$2)>0,"✓","")) | G96: =IF($A95="","",IF(COUNTIFS(Historial!$B$3:$B$502,$A95,Historial!$C$3:$C$502,$B95,Historial!$G$3:$G$502,G$4,Historial!$H$3:$H$502,$B$2)>0,"✓","")) | H96: =IF($A95="","",IF(COUNTIFS(Historial!$B$3:$B$502,$A95,Historial!$C$3:$C$502,$B95,Historial!$G$3:$G$502,H$4,Historial!$H$3:$H$502,$B$2)>0,"✓","")) | I96: =IF($A95="","",IF(COUNTIFS(Historial!$B$3:$B$502,$A95,Historial!$C$3:$C$502,$B95,Historial!$G$3:$G$502,I$4,Historial!$H$3:$H$502,$B$2)>0,"✓","")) | J96: =IF($A95="","",IF(COUNTIFS(Historial!$B$3:$B$502,$A95,Historial!$C$3:$C$502,$B95,Historial!$G$3:$G$502,J$4,Historial!$H$3:$H$502,$B$2)>0,"✓","")) | K96: =IF($A95="","",IF(COUNTIFS(Historial!$B$3:$B$502,$A95,Historial!$C$3:$C$502,$B95,Historial!$G$3:$G$502,K$4,Historial!$H$3:$H$502,$B$2)>0,"✓","")) | ... BC96: =IF($A95="","",IF(COUNTIFS(Historial!$B$3:$B$502,$A95,Historial!$C$3:$C$502,$B95,Historial!$G$3:$G$502,BC$4,Historial!$H$3:$H$502,$B$2)>0,"✓",""))
A97: =IF(Actividades!$B49="","",Actividades!$B49) | B97: =IF(Actividades!$C49="","",Actividades!$C49) | C97: =IF($A97="","","Plan") | D97: =IF($A97="","",IF(AND(N(Actividades!$E49)>0,D$4>=Actividades!$E49,MOD(D$4-Actividades!$E49,IFERROR(VLOOKUP(Actividades!$D49,Listas!$A$2:$B$8,2,0),52))=0),"P","")) | E97: =IF($A97="","",IF(AND(N(Actividades!$E49)>0,E$4>=Actividades!$E49,MOD(E$4-Actividades!$E49,IFERROR(VLOOKUP(Actividades!$D49,Listas!$A$2:$B$8,2,0),52))=0),"P","")) | F97: =IF($A97="","",IF(AND(N(Actividades!$E49)>0,F$4>=Actividades!$E49,MOD(F$4-Actividades!$E49,IFERROR(VLOOKUP(Actividades!$D49,Listas!$A$2:$B$8,2,0),52))=0),"P","")) | G97: =IF($A97="","",IF(AND(N(Actividades!$E49)>0,G$4>=Actividades!$E49,MOD(G$4-Actividades!$E49,IFERROR(VLOOKUP(Actividades!$D49,Listas!$A$2:$B$8,2,0),52))=0),"P","")) | H97: =IF($A97="","",IF(AND(N(Actividades!$E49)>0,H$4>=Actividades!$E49,MOD(H$4-Actividades!$E49,IFERROR(VLOOKUP(Actividades!$D49,Listas!$A$2:$B$8,2,0),52))=0),"P","")) | I97: =IF($A97="","",IF(AND(N(Actividades!$E49)>0,I$4>=Actividades!$E49,MOD(I$4-Actividades!$E49,IFERROR(VLOOKUP(Actividades!$D49,Listas!$A$2:$B$8,2,0),52))=0),"P","")) | J97: =IF($A97="","",IF(AND(N(Actividades!$E49)>0,J$4>=Actividades!$E49,MOD(J$4-Actividades!$E49,IFERROR(VLOOKUP(Actividades!$D49,Listas!$A$2:$B$8,2,0),52))=0),"P","")) | K97: =IF($A97="","",IF(AND(N(Actividades!$E49)>0,K$4>=Actividades!$E49,MOD(K$4-Actividades!$E49,IFERROR(VLOOKUP(Actividades!$D49,Listas!$A$2:$B$8,2,0),52))=0),"P","")) | ... BC97: =IF($A97="","",IF(AND(N(Actividades!$E49)>0,BC$4>=Actividades!$E49,MOD(BC$4-Actividades!$E49,IFERROR(VLOOKUP(Actividades!$D49,Listas!$A$2:$B$8,2,0),52))=0),"P","")) | BD97: =IF($A97="","",COUNTIF(D97:BC97,"P")) | BE97: =IF($A97="","",SUMPRODUCT((D97:BC97="P")*(D98:BC98="✓"))) | BF97: =IF($A97="","",IF(BD97=0,"",BE97/BD97))
C98: =IF($A97="","","Real") | D98: =IF($A97="","",IF(COUNTIFS(Historial!$B$3:$B$502,$A97,Historial!$C$3:$C$502,$B97,Historial!$G$3:$G$502,D$4,Historial!$H$3:$H$502,$B$2)>0,"✓","")) | E98: =IF($A97="","",IF(COUNTIFS(Historial!$B$3:$B$502,$A97,Historial!$C$3:$C$502,$B97,Historial!$G$3:$G$502,E$4,Historial!$H$3:$H$502,$B$2)>0,"✓","")) | F98: =IF($A97="","",IF(COUNTIFS(Historial!$B$3:$B$502,$A97,Historial!$C$3:$C$502,$B97,Historial!$G$3:$G$502,F$4,Historial!$H$3:$H$502,$B$2)>0,"✓","")) | G98: =IF($A97="","",IF(COUNTIFS(Historial!$B$3:$B$502,$A97,Historial!$C$3:$C$502,$B97,Historial!$G$3:$G$502,G$4,Historial!$H$3:$H$502,$B$2)>0,"✓","")) | H98: =IF($A97="","",IF(COUNTIFS(Historial!$B$3:$B$502,$A97,Historial!$C$3:$C$502,$B97,Historial!$G$3:$G$502,H$4,Historial!$H$3:$H$502,$B$2)>0,"✓","")) | I98: =IF($A97="","",IF(COUNTIFS(Historial!$B$3:$B$502,$A97,Historial!$C$3:$C$502,$B97,Historial!$G$3:$G$502,I$4,Historial!$H$3:$H$502,$B$2)>0,"✓","")) | J98: =IF($A97="","",IF(COUNTIFS(Historial!$B$3:$B$502,$A97,Historial!$C$3:$C$502,$B97,Historial!$G$3:$G$502,J$4,Historial!$H$3:$H$502,$B$2)>0,"✓","")) | K98: =IF($A97="","",IF(COUNTIFS(Historial!$B$3:$B$502,$A97,Historial!$C$3:$C$502,$B97,Historial!$G$3:$G$502,K$4,Historial!$H$3:$H$502,$B$2)>0,"✓","")) | ... BC98: =IF($A97="","",IF(COUNTIFS(Historial!$B$3:$B$502,$A97,Historial!$C$3:$C$502,$B97,Historial!$G$3:$G$502,BC$4,Historial!$H$3:$H$502,$B$2)>0,"✓",""))
A99: =IF(Actividades!$B50="","",Actividades!$B50) | B99: =IF(Actividades!$C50="","",Actividades!$C50) | C99: =IF($A99="","","Plan") | D99: =IF($A99="","",IF(AND(N(Actividades!$E50)>0,D$4>=Actividades!$E50,MOD(D$4-Actividades!$E50,IFERROR(VLOOKUP(Actividades!$D50,Listas!$A$2:$B$8,2,0),52))=0),"P","")) | E99: =IF($A99="","",IF(AND(N(Actividades!$E50)>0,E$4>=Actividades!$E50,MOD(E$4-Actividades!$E50,IFERROR(VLOOKUP(Actividades!$D50,Listas!$A$2:$B$8,2,0),52))=0),"P","")) | F99: =IF($A99="","",IF(AND(N(Actividades!$E50)>0,F$4>=Actividades!$E50,MOD(F$4-Actividades!$E50,IFERROR(VLOOKUP(Actividades!$D50,Listas!$A$2:$B$8,2,0),52))=0),"P","")) | G99: =IF($A99="","",IF(AND(N(Actividades!$E50)>0,G$4>=Actividades!$E50,MOD(G$4-Actividades!$E50,IFERROR(VLOOKUP(Actividades!$D50,Listas!$A$2:$B$8,2,0),52))=0),"P","")) | H99: =IF($A99="","",IF(AND(N(Actividades!$E50)>0,H$4>=Actividades!$E50,MOD(H$4-Actividades!$E50,IFERROR(VLOOKUP(Actividades!$D50,Listas!$A$2:$B$8,2,0),52))=0),"P","")) | I99: =IF($A99="","",IF(AND(N(Actividades!$E50)>0,I$4>=Actividades!$E50,MOD(I$4-Actividades!$E50,IFERROR(VLOOKUP(Actividades!$D50,Listas!$A$2:$B$8,2,0),52))=0),"P","")) | J99: =IF($A99="","",IF(AND(N(Actividades!$E50)>0,J$4>=Actividades!$E50,MOD(J$4-Actividades!$E50,IFERROR(VLOOKUP(Actividades!$D50,Listas!$A$2:$B$8,2,0),52))=0),"P","")) | K99: =IF($A99="","",IF(AND(N(Actividades!$E50)>0,K$4>=Actividades!$E50,MOD(K$4-Actividades!$E50,IFERROR(VLOOKUP(Actividades!$D50,Listas!$A$2:$B$8,2,0),52))=0),"P","")) | ... BC99: =IF($A99="","",IF(AND(N(Actividades!$E50)>0,BC$4>=Actividades!$E50,MOD(BC$4-Actividades!$E50,IFERROR(VLOOKUP(Actividades!$D50,Listas!$A$2:$B$8,2,0),52))=0),"P","")) | BD99: =IF($A99="","",COUNTIF(D99:BC99,"P")) | BE99: =IF($A99="","",SUMPRODUCT((D99:BC99="P")*(D100:BC100="✓"))) | BF99: =IF($A99="","",IF(BD99=0,"",BE99/BD99))
C100: =IF($A99="","","Real") | D100: =IF($A99="","",IF(COUNTIFS(Historial!$B$3:$B$502,$A99,Historial!$C$3:$C$502,$B99,Historial!$G$3:$G$502,D$4,Historial!$H$3:$H$502,$B$2)>0,"✓","")) | E100: =IF($A99="","",IF(COUNTIFS(Historial!$B$3:$B$502,$A99,Historial!$C$3:$C$502,$B99,Historial!$G$3:$G$502,E$4,Historial!$H$3:$H$502,$B$2)>0,"✓","")) | F100: =IF($A99="","",IF(COUNTIFS(Historial!$B$3:$B$502,$A99,Historial!$C$3:$C$502,$B99,Historial!$G$3:$G$502,F$4,Historial!$H$3:$H$502,$B$2)>0,"✓","")) | G100: =IF($A99="","",IF(COUNTIFS(Historial!$B$3:$B$502,$A99,Historial!$C$3:$C$502,$B99,Historial!$G$3:$G$502,G$4,Historial!$H$3:$H$502,$B$2)>0,"✓","")) | H100: =IF($A99="","",IF(COUNTIFS(Historial!$B$3:$B$502,$A99,Historial!$C$3:$C$502,$B99,Historial!$G$3:$G$502,H$4,Historial!$H$3:$H$502,$B$2)>0,"✓","")) | I100: =IF($A99="","",IF(COUNTIFS(Historial!$B$3:$B$502,$A99,Historial!$C$3:$C$502,$B99,Historial!$G$3:$G$502,I$4,Historial!$H$3:$H$502,$B$2)>0,"✓","")) | J100: =IF($A99="","",IF(COUNTIFS(Historial!$B$3:$B$502,$A99,Historial!$C$3:$C$502,$B99,Historial!$G$3:$G$502,J$4,Historial!$H$3:$H$502,$B$2)>0,"✓","")) | K100: =IF($A99="","",IF(COUNTIFS(Historial!$B$3:$B$502,$A99,Historial!$C$3:$C$502,$B99,Historial!$G$3:$G$502,K$4,Historial!$H$3:$H$502,$B$2)>0,"✓","")) | ... BC100: =IF($A99="","",IF(COUNTIFS(Historial!$B$3:$B$502,$A99,Historial!$C$3:$C$502,$B99,Historial!$G$3:$G$502,BC$4,Historial!$H$3:$H$502,$B$2)>0,"✓",""))
...

Sheet Historial
B1: HISTORIAL DE MANTENIMIENTOS EJECUTADOS | F1: Código: COP15-F11 Revisión: 03 Fecha de emisión: 15/07/2026
A2: Fecha | B2: Equipo | C2: Actividad | D2: Realizado por | E2: Horas | F2: Comentarios | G2: Semana (auto) | H2: Año (auto)
A3: 46027 | B3: Dynamometer | C3: Limpieza (soplado) | D3: Técnico | E3: 2 | F3: (EJEMPLO — sustituir por registros reales) | G3: =IF($A3="","",WEEKNUM($A3,1)) -> 2 | H3: =IF($A3="","",YEAR($A3)) -> 2026
G4: =IF($A4="","",WEEKNUM($A4,1)) | H4: =IF($A4="","",YEAR($A4))
G5: =IF($A5="","",WEEKNUM($A5,1)) | H5: =IF($A5="","",YEAR($A5))
G6: =IF($A6="","",WEEKNUM($A6,1)) | H6: =IF($A6="","",YEAR($A6))
G7: =IF($A7="","",WEEKNUM($A7,1)) | H7: =IF($A7="","",YEAR($A7))
G8: =IF($A8="","",WEEKNUM($A8,1)) | H8: =IF($A8="","",YEAR($A8))
G9: =IF($A9="","",WEEKNUM($A9,1)) | H9: =IF($A9="","",YEAR($A9))
G10: =IF($A10="","",WEEKNUM($A10,1)) | H10: =IF($A10="","",YEAR($A10))
G11: =IF($A11="","",WEEKNUM($A11,1)) | H11: =IF($A11="","",YEAR($A11))
G12: =IF($A12="","",WEEKNUM($A12,1)) | H12: =IF($A12="","",YEAR($A12))
G13: =IF($A13="","",WEEKNUM($A13,1)) | H13: =IF($A13="","",YEAR($A13))
G14: =IF($A14="","",WEEKNUM($A14,1)) | H14: =IF($A14="","",YEAR($A14))
G15: =IF($A15="","",WEEKNUM($A15,1)) | H15: =IF($A15="","",YEAR($A15))
... G502: =IF($A502="","",WEEKNUM($A502,1)) | H502: =IF($A502="","",YEAR($A502))

Sheet Calibración
B1: PLAN ANUAL DE CALIBRACIÓN | V1: Código: COP15-F11 Revisión: 03 Fecha de emisión: 15/07/2026
A2: No. | B2: Equipo | C2: Laboratorio (auto) | D2: Marca | E2: Descripción / Magnitud calibrada | F2: Modelo | G2: No. Serie | H2: ID KMM | I2: ¿Requiere calibración? | J2: Tipo | K2: Frecuencia | L2: Proveedor (¿quién calibra?) | M2: Trazabilidad | N2: Lugar | O2: Última calibración | P2: Próxima calibración (auto) | Q2: Estatus (auto) | R2: No. Certificado | S2: Rango máximo | T2: Rango de uso | U2: Error máx. permitido | V2: Ubicación física | W2: Crítico NMX | X2: Certificado PDF / Comentarios
A3: C-001 | B3: HVAC | C3: =IF($B3="","",IFERROR(INDEX(Equipos!$C$3:$C$202,MATCH($B3,Equipos!$B$3:$B$202,0)),"")) -> Emisiones | D3: Kimo | E3: Thermometer | F3: TH210-B0SP | G3: 2F150708994 | I3: No | P3: =IF(OR($B3="",$I3="No",$O3=""),"",$O3+IFERROR(VLOOKUP($K3,Listas!$H$2:$I$4,2,0),365)) | Q3: =IF($B3="","",IF($I3="No","NO APLICA",IF($P3="","SIN REGISTRO",IF($P3<TODAY(),"VENCIDO",IF($P3<=TODAY()+60,"POR VENCER","VIGENTE"))))) -> NO APLICA | S3: -20…+80°C | T3: 0…+50°C | U3: ± 0.25°C | V3: Emission Room | W3: No
A4: C-002 | B4: HVAC | C4: =IF($B4="","",IFERROR(INDEX(Equipos!$C$3:$C$202,MATCH($B4,Equipos!$B$3:$B$202,0)),"")) -> Emisiones | D4: Kimo | E4: Humidity sensor | F4: TH210-B0SP | G4: 2F150708994 | I4: No | P4: =IF(OR($B4="",$I4="No",$O4=""),"",$O4+IFERROR(VLOOKUP($K4,Listas!$H$2:$I$4,2,0),365)) | Q4: =IF($B4="","",IF($I4="No","NO APLICA",IF($P4="","SIN REGISTRO",IF($P4<TODAY(),"VENCIDO",IF($P4<=TODAY()+60,"POR VENCER","VIGENTE"))))) -> NO APLICA | S4: 0…100%HR | T4: 0…100%HR | U4: ± 1.5 %RH | V4: Emission Room | W4: No
A5: C-003 | B5: HVAC | C5: =IF($B5="","",IFERROR(INDEX(Equipos!$C$3:$C$202,MATCH($B5,Equipos!$B$3:$B$202,0)),"")) -> Emisiones | D5: Kimo | E5: Thermometer | F5: TH210B0SP | H5: TH-0033 | I5: Sí | J5: Externa | K5: Anual | L5: METROLAB | M5: EMA | N5: Externo Nacional | O5: 45709 | P5: =IF(OR($B5="",$I5="No",$O5=""),"",$O5+IFERROR(VLOOKUP($K5,Listas!$H$2:$I$4,2,0),365)) -> 46074 | Q5: =IF($B5="","",IF($I5="No","NO APLICA",IF($P5="","SIN REGISTRO",IF($P5<TODAY(),"VENCIDO",IF($P5<=TODAY()+60,"POR VENCER","VIGENTE"))))) -> VENCIDO | R5: T-2199-2023 | S5: -20…+80°C | T5: 0…+50°C | U5: ± 0.25°C | V5: Soaking Room | W5: Sí
A6: C-004 | B6: HVAC | C6: =IF($B6="","",IFERROR(INDEX(Equipos!$C$3:$C$202,MATCH($B6,Equipos!$B$3:$B$202,0)),"")) -> Emisiones | D6: Kimo | E6: Humidity sensor | F6: TH210B0SP | H6: TH-0033 | I6: Sí | J6: Externa | K6: Anual | L6: METROLAB | M6: EMA | N6: Externo Nacional | O6: 45709 | P6: =IF(OR($B6="",$I6="No",$O6=""),"",$O6+IFERROR(VLOOKUP($K6,Listas!$H$2:$I$4,2,0),365)) -> 46074 | Q6: =IF($B6="","",IF($I6="No","NO APLICA",IF($P6="","SIN REGISTRO",IF($P6<TODAY(),"VENCIDO",IF($P6<=TODAY()+60,"POR VENCER","VIGENTE"))))) -> VENCIDO | R6: H-0438-2023 | S6: 0…100%HR | T6: 0…100%HR | U6: ± 1.5 %RH | V6: Soaking Room | W6: Sí
A7: C-005 | B7: VETS | C7: =IF($B7="","",IFERROR(INDEX(Equipos!$C$3:$C$202,MATCH($B7,Equipos!$B$3:$B$202,0)),"")) -> Emisiones | D7: Vaisala | E7: Barometer | F7: INDIGO520 | G7: W4831243 | H7: TH-0043-03 | I7: Sí | J7: Externa | K7: Anual | L7: Vaisala | M7: EMA | N7: Externo Nacional | O7: 45778 | P7: =IF(OR($B7="",$I7="No",$O7=""),"",$O7+IFERROR(VLOOKUP($K7,Listas!$H$2:$I$4,2,0),365)) -> 46143 | Q7: =IF($B7="","",IF($I7="No","NO APLICA",IF($P7="","SIN REGISTRO",IF($P7<TODAY(),"VENCIDO",IF($P7<=TODAY()+60,"POR VENCER","VIGENTE"))))) -> VENCIDO | S7: 0-20 mA / 0-10 V | T7: 95% | U7: ±0.004 mA /± 0.0002 V | V7: Emission Room | W7: Sí
A8: C-006 | B8: VETS | C8: =IF($B8="","",IFERROR(INDEX(Equipos!$C$3:$C$202,MATCH($B8,Equipos!$B$3:$B$202,0)),"")) -> Emisiones | D8: Vaisala | E8: Thermometer | F8: INDIGO520 | G8: W3850023 | H8: TH-0043-02 | I8: Sí | J8: Externa | K8: Anual | L8: Vaisala | M8: EMA | N8: Externo Nacional | O8: 45778 | P8: =IF(OR($B8="",$I8="No",$O8=""),"",$O8+IFERROR(VLOOKUP($K8,Listas!$H$2:$I$4,2,0),365)) -> 46143 | Q8: =IF($B8="","",IF($I8="No","NO APLICA",IF($P8="","SIN REGISTRO",IF($P8<TODAY(),"VENCIDO",IF($P8<=TODAY()+60,"POR VENCER","VIGENTE"))))) -> VENCIDO | S8: 500-1100hPa | T8: 95% | U8: ± 0.7hPa | V8: Emission Room | W8: Sí
A9: C-007 | B9: VETS | C9: =IF($B9="","",IFERROR(INDEX(Equipos!$C$3:$C$202,MATCH($B9,Equipos!$B$3:$B$202,0)),"")) -> Emisiones | D9: Vaisala | E9: Humidity sensor | F9: INDIGO520 | G9: W4754750 | H9: TH-0043-01 | I9: Sí | J9: Externa | K9: Anual | L9: Vaisala | M9: EMA | N9: Externo Nacional | O9: 45778 | P9: =IF(OR($B9="",$I9="No",$O9=""),"",$O9+IFERROR(VLOOKUP($K9,Listas!$H$2:$I$4,2,0),365)) -> 46143 | Q9: =IF($B9="","",IF($I9="No","NO APLICA",IF($P9="","SIN REGISTRO",IF($P9<TODAY(),"VENCIDO",IF($P9<=TODAY()+60,"POR VENCER","VIGENTE"))))) -> VENCIDO | S9: 0-100%HR/20°C | T9: 95% | U9: ± 0.5 %RH/0.10°C | V9: Emission Room | W9: Sí
A10: C-008 | B10: VETS | C10: =IF($B10="","",IFERROR(INDEX(Equipos!$C$3:$C$202,MATCH($B10,Equipos!$B$3:$B$202,0)),"")) -> Emisiones | D10: Vaisala | E10: Barometer | F10: INDIGO520 | G10: W4831244 | H10: TH-0044-03 | I10: Sí | J10: Externa | K10: Anual | L10: Vaisala | M10: EMA | N10: Externo Nacional | O10: 45778 | P10: =IF(OR($B10="",$I10="No",$O10=""),"",$O10+IFERROR(VLOOKUP($K10,Listas!$H$2:$I$4,2,0),365)) -> 46143 | Q10: =IF($B10="","",IF($I10="No","NO APLICA",IF($P10="","SIN REGISTRO",IF($P10<TODAY(),"VENCIDO",IF($P10<=TODAY()+60,"POR VENCER","VIGENTE"))))) -> VENCIDO | S10: 0-20 mA / 0-10 V | T10: 95% | U10: ±0.004 mA /± 0.0002 V | V10: Emission Room | W10: Sí
A11: C-009 | B11: VETS | C11: =IF($B11="","",IFERROR(INDEX(Equipos!$C$3:$C$202,MATCH($B11,Equipos!$B$3:$B$202,0)),"")) -> Emisiones | D11: Vaisala | E11: Thermometer | F11: INDIGO520 | G11: W3850033 | H11: TH-0044-02 | I11: Sí | J11: Externa | K11: Anual | L11: Vaisala | M11: EMA | N11: Externo Nacional | O11: 45778 | P11: =IF(OR($B11="",$I11="No",$O11=""),"",$O11+IFERROR(VLOOKUP($K11,Listas!$H$2:$I$4,2,0),365)) -> 46143 | Q11: =IF($B11="","",IF($I11="No","NO APLICA",IF($P11="","SIN REGISTRO",IF($P11<TODAY(),"VENCIDO",IF($P11<=TODAY()+60,"POR VENCER","VIGENTE"))))) -> VENCIDO | S11: 500-1100hPa | T11: 95% | U11: ± 0.7hPa | V11: Emission Room | W11: Sí
A12: C-010 | B12: VETS | C12: =IF($B12="","",IFERROR(INDEX(Equipos!$C$3:$C$202,MATCH($B12,Equipos!$B$3:$B$202,0)),"")) -> Emisiones | D12: Vaisala | E12: Humidity sensor | F12: INDIGO520 | G12: W4917201 | H12: TH-0044-01 | I12: Sí | J12: Externa | K12: Anual | L12: Vaisala | M12: EMA | N12: Externo Nacional | O12: 45778 | P12: =IF(OR($B12="",$I12="No",$O12=""),"",$O12+IFERROR(VLOOKUP($K12,Listas!$H$2:$I$4,2,0),365)) -> 46143 | Q12: =IF($B12="","",IF($I12="No","NO APLICA",IF($P12="","SIN REGISTRO",IF($P12<TODAY(),"VENCIDO",IF($P12<=TODAY()+60,"POR VENCER","VIGENTE"))))) -> VENCIDO | S12: 0-100%HR/20°C | T12: 95% | U12: ± 0.5 %RH/0.10°C | V12: Emission Room | W12: Sí
A13: C-011 | B13: Clean Cham | C13: =IF($B13="","",IFERROR(INDEX(Equipos!$C$3:$C$202,MATCH($B13,Equipos!$B$3:$B$202,0)),"")) -> Emisiones | D13: Shynyei | E13: Humidity sensor | F13: DewStar S-BS-4C | I13: Sí | K13: Anual | L13: TECHMASTER | M13: ANAB | N13: En sitio | O13: 43175 | P13: =IF(OR($B13="",$I13="No",$O13=""),"",$O13+IFERROR(VLOOKUP($K13,Listas!$H$2:$I$4,2,0),365)) -> 43540 | Q13: =IF($B13="","",IF($I13="No","NO APLICA",IF($P13="","SIN REGISTRO",IF($P13<TODAY(),"VENCIDO",IF($P13<=TODAY()+60,"POR VENCER","VIGENTE"))))) -> VENCIDO | V13: Emission Room | W13: No
A14: C-012 | B14: Clean Cham | C14: =IF($B14="","",IFERROR(INDEX(Equipos!$C$3:$C$202,MATCH($B14,Equipos!$B$3:$B$202,0)),"")) -> Emisiones | D14: Vaisala | E14: Barometer | F14: PTB330 | G14: L2540408 | I14: No | P14: =IF(OR($B14="",$I14="No",$O14=""),"",$O14+IFERROR(VLOOKUP($K14,Listas!$H$2:$I$4,2,0),365)) | Q14: =IF($B14="","",IF($I14="No","NO APLICA",IF($P14="","SIN REGISTRO",IF($P14<TODAY(),"VENCIDO",IF($P14<=TODAY()+60,"POR VENCER","VIGENTE"))))) -> NO APLICA | V14: Emission Room | W14: No
A15: C-013 | B15: Clean Cham | C15: =IF($B15="","",IFERROR(INDEX(Equipos!$C$3:$C$202,MATCH($B15,Equipos!$B$3:$B$202,0)),"")) -> Emisiones | D15: Horiba | E15: Thermometer | F15: TH-0027 Clean Chamber | G15: K-150019C | I15: Sí | K15: Anual | L15: CALMET | M15: ILAC - MRA | O15: 43056 | P15: =IF(OR($B15="",$I15="No",$O15=""),"",$O15+IFERROR(VLOOKUP($K15,Listas!$H$2:$I$4,2,0),365)) -> 43421 | Q15: =IF($B15="","",IF($I15="No","NO APLICA",IF($P15="","SIN REGISTRO",IF($P15<TODAY(),"VENCIDO",IF($P15<=TODAY()+60,"POR VENCER","VIGENTE"))))) -> VENCIDO | V15: Emission Room | W15: No
A16: C-014 | B16: Clean Cham | C16: =IF($B16="","",IFERROR(INDEX(Equipos!$C$3:$C$202,MATCH($B16,Equipos!$B$3:$B$202,0)),"")) -> Emisiones | D16: Horiba | E16: Humidity sensor | F16: TH-0027 Clean Chamber | G16: K-150019C | I16: No | P16: =IF(OR($B16="",$I16="No",$O16=""),"",$O16+IFERROR(VLOOKUP($K16,Listas!$H$2:$I$4,2,0),365)) | Q16: =IF($B16="","",IF($I16="No","NO APLICA",IF($P16="","SIN REGISTRO",IF($P16<TODAY(),"VENCIDO",IF($P16<=TODAY()+60,"POR VENCER","VIGENTE"))))) -> NO APLICA | V16: Emission Room | W16: No
A17: C-015 | B17: Clean Cham | C17: =IF($B17="","",IFERROR(INDEX(Equipos!$C$3:$C$202,MATCH($B17,Equipos!$B$3:$B$202,0)),"")) -> Emisiones | D17: Horiba | E17: Barometer | F17: TH-0027 Clean Chamber | G17: K-150019C | I17: No | P17: =IF(OR($B17="",$I17="No",$O17=""),"",$O17+IFERROR(VLOOKUP($K17,Listas!$H$2:$I$4,2,0),365)) | Q17: =IF($B17="","",IF($I17="No","NO APLICA",IF($P17="","SIN REGISTRO",IF($P17<TODAY(),"VENCIDO",IF($P17<=TODAY()+60,"POR VENCER","VIGENTE"))))) -> NO APLICA | V17: Emission Room | W17: No
A18: C-016 | B18: Clean Cham | C18: =IF($B18="","",IFERROR(INDEX(Equipos!$C$3:$C$202,MATCH($B18,Equipos!$B$3:$B$202,0)),"")) -> Emisiones | D18: Mettler Toledo | E18: Bascula Digital | F18: XP2U | G18: B8601948655 | I18: Sí | J18: Interna | K18: Anual | L18: KIA Cal Lab | M18: OIML | N18: En sitio | O18: 43208 | P18: =IF(OR($B18="",$I18="No",$O18=""),"",$O18+IFERROR(VLOOKUP($K18,Listas!$H$2:$I$4,2,0),365)) -> 43573 | Q18: =IF($B18="","",IF($I18="No","NO APLICA",IF($P18="","SIN REGISTRO",IF($P18<TODAY(),"VENCIDO",IF($P18<=TODAY()+60,"POR VENCER","VIGENTE"))))) -> VENCIDO | V18: Emission Room | W18: No
A19: C-017 | B19: CFO | C19: =IF($B19="","",IFERROR(INDEX(Equipos!$C$3:$C$202,MATCH($B19,Equipos!$B$3:$B$202,0)),"")) -> Emisiones | D19: Horiba | E19: Propane injection | F19: 5102514973 | G19: 7005035500 | H19: PR-018 | I19: Sí | J19: Externa | K19: Bianual | L19: Horiba USA | M19: ANAB | N19: Externo USA | O19: 45443 | P19: =IF(OR($B19="",$I19="No",$O19=""),"",$O19+IFERROR(VLOOKUP($K19,Listas!$H$2:$I$4,2,0),365)) -> 46173 | Q19: =IF($B19="","",IF($I19="No","NO APLICA",IF($P19="","SIN REGISTRO",IF($P19<TODAY(),"VENCIDO",IF($P19<=TODAY()+60,"POR VENCER","VIGENTE"))))) -> VENCIDO | V19: Emission Room | W19: Sí | X19: EN CALIBRACION
A20: C-018 | B20: CPC-100 | C20: =IF($B20="","",IFERROR(INDEX(Equipos!$C$3:$C$202,MATCH($B20,Equipos!$B$3:$B$202,0)),"")) -> Emisiones | D20: Horiba | E20: Particle counter | F20: CPC-100 | G20: C100152302 | I20: Sí | L20: Horiba USA | M20: TSI | N20: Externo USA | P20: =IF(OR($B20="",$I20="No",$O20=""),"",$O20+IFERROR(VLOOKUP($K20,Listas!$H$2:$I$4,2,0),365)) | Q20: =IF($B20="","",IF($I20="No","NO APLICA",IF($P20="","SIN REGISTRO",IF($P20<TODAY(),"VENCIDO",IF($P20<=TODAY()+60,"POR VENCER","VIGENTE"))))) -> SIN REGISTRO | V20: Emission Room | W20: No
A21: C-019 | B21: Rack | C21: =IF($B21="","",IFERROR(INDEX(Equipos!$C$3:$C$202,MATCH($B21,Equipos!$B$3:$B$202,0)),"")) -> Emisiones | D21: Horiba | E21: Subsonic venturi | F21: Rack con venturi | G21: 69161 | I21: Sí | K21: Bianual | L21: Horiba USA | M21: NVLAP | O21: 44686 | P21: =IF(OR($B21="",$I21="No",$O21=""),"",$O21+IFERROR(VLOOKUP($K21,Listas!$H$2:$I$4,2,0),365)) -> 45416 | Q21: =IF($B21="","",IF($I21="No","NO APLICA",IF($P21="","SIN REGISTRO",IF($P21<TODAY(),"VENCIDO",IF($P21<=TODAY()+60,"POR VENCER","VIGENTE"))))) -> VENCIDO | V21: Emission Room | W21: No
A22: C-020 | B22: Venturi | C22: =IF($B22="","",IFERROR(INDEX(Equipos!$C$3:$C$202,MATCH($B22,Equipos!$B$3:$B$202,0)),"")) -> Emisiones | D22: Horiba | E22: Subsonic venturi | F22: cilindro venturi | G22: 69015 | I22: Sí | K22: Bianual | L22: Horiba USA | M22: NVLAP | O22: 44701 | P22: =IF(OR($B22="",$I22="No",$O22=""),"",$O22+IFERROR(VLOOKUP($K22,Listas!$H$2:$I$4,2,0),365)) -> 45431 | Q22: =IF($B22="","",IF($I22="No","NO APLICA",IF($P22="","SIN REGISTRO",IF($P22<TODAY(),"VENCIDO",IF($P22<=TODAY()+60,"POR VENCER","VIGENTE"))))) -> VENCIDO | V22: Emission Room | W22: No
A23: C-021 | B23: GDC | C23: =IF($B23="","",IFERROR(INDEX(Equipos!$C$3:$C$202,MATCH($B23,Equipos!$B$3:$B$202,0)),"")) -> Emisiones | D23: Horiba | E23: Gas Divider | F23: ONE | G23: S2001362117000020 | H23: OT-0038 | I23: Sí | J23: Externa | K23: Bianual | L23: Horiba USA | M23: ANAB | N23: Externo USA | O23: 45615 | P23: =IF(OR($B23="",$I23="No",$O23=""),"",$O23+IFERROR(VLOOKUP($K23,Listas!$H$2:$I$4,2,0),365)) -> 46345 | Q23: =IF($B23="","",IF($I23="No","NO APLICA",IF($P23="","SIN REGISTRO",IF($P23<TODAY(),"VENCIDO",IF($P23<=TODAY()+60,"POR VENCER","VIGENTE"))))) -> VIGENTE | V23: Emission Room | W23: Sí | X23: EN CALIBRACION
A24: C-022 | B24: Bubbler | C24: =IF($B24="","",IFERROR(INDEX(Equipos!$C$3:$C$202,MATCH($B24,Equipos!$B$3:$B$202,0)),"")) -> Emisiones | D24: Horiba | E24: Heater bubbler | F24: Heated Bubler | G24: 8001005048 | I24: Sí | J24: Externa | K24: Anual | L24: Horiba USA | M24: NIST | N24: Externo USA | O24: 45462 | P24: =IF(OR($B24="",$I24="No",$O24=""),"",$O24+IFERROR(VLOOKUP($K24,Listas!$H$2:$I$4,2,0),365)) -> 45827 | Q24: =IF($B24="","",IF($I24="No","NO APLICA",IF($P24="","SIN REGISTRO",IF($P24<TODAY(),"VENCIDO",IF($P24<=TODAY()+60,"POR VENCER","VIGENTE"))))) -> VENCIDO | V24: Emission Room | W24: No
A25: C-023 | B25: RMT1-TS | C25: =IF($B25="","",IFERROR(INDEX(Equipos!$C$3:$C$202,MATCH($B25,Equipos!$B$3:$B$202,0)),"")) -> Emisiones | E25: Thermocouple | F25: S1-8 | H25: TH-0036 | I25: Sí | J25: Externa | K25: Anual | L25: CIDESI | M25: EMA | N25: En sitio | O25: 45937 | P25: =IF(OR($B25="",$I25="No",$O25=""),"",$O25+IFERROR(VLOOKUP($K25,Listas!$H$2:$I$4,2,0),365)) -> 46302 | Q25: =IF($B25="","",IF($I25="No","NO APLICA",IF($P25="","SIN REGISTRO",IF($P25<TODAY(),"VENCIDO",IF($P25<=TODAY()+60,"POR VENCER","VIGENTE"))))) -> VIGENTE | S25: 20 - 30°C | T25: 20 °C | U25: 0.01 | V25: Emission Room RMT1 | W25: Sí
A26: C-024 | B26: Manometer 1 | C26: =IF($B26="","",IFERROR(INDEX(Equipos!$C$3:$C$202,MATCH($B26,Equipos!$B$3:$B$202,0)),"")) -> Emisiones | D26: ManoStar | E26: RMT1 | F26: WO801 | H26: PR-0017 | I26: Sí | J26: Externa | K26: Anual | L26: CIDESI | M26: EMA | N26: En sitio | O26: 45937 | P26: =IF(OR($B26="",$I26="No",$O26=""),"",$O26+IFERROR(VLOOKUP($K26,Listas!$H$2:$I$4,2,0),365)) -> 46302 | Q26: =IF($B26="","",IF($I26="No","NO APLICA",IF($P26="","SIN REGISTRO",IF($P26<TODAY(),"VENCIDO",IF($P26<=TODAY()+60,"POR VENCER","VIGENTE"))))) -> VIGENTE | S26: 50 - 500 Pa | T26: 70 kPa | U26: 1 | V26: Emission Room RMT1 | W26: Sí
A27: C-025 | B27: Manometer 2 | C27: =IF($B27="","",IFERROR(INDEX(Equipos!$C$3:$C$202,MATCH($B27,Equipos!$B$3:$B$202,0)),"")) -> Emisiones | D27: ManoStar | E27: CVS Out | F27: WO81 | H27: PR-0016 | I27: Sí | J27: Externa | K27: Anual | L27: CIDESI | M27: EMA | N27: En sitio | O27: 45937 | P27: =IF(OR($B27="",$I27="No",$O27=""),"",$O27+IFERROR(VLOOKUP($K27,Listas!$H$2:$I$4,2,0),365)) -> 46302 | Q27: =IF($B27="","",IF($I27="No","NO APLICA",IF($P27="","SIN REGISTRO",IF($P27<TODAY(),"VENCIDO",IF($P27<=TODAY()+60,"POR VENCER","VIGENTE"))))) -> VIGENTE | S27: 3 - 30kPa | T27: 30 Kpa | U27: 1 | V27: Emission Room CVS | W27: Sí
A28: C-026 | B28: Dynamometer | C28: =IF($B28="","",IFERROR(INDEX(Equipos!$C$3:$C$202,MATCH($B28,Equipos!$B$3:$B$202,0)),"")) -> Emisiones | D28: A&G | E28: Cooling Fan | F28: HS185KR209 | G28: 15F-496E13-001BFT | I28: Sí | L28: CALMET | M28: ILAC * MRA | N28: En sitio | P28: =IF(OR($B28="",$I28="No",$O28=""),"",$O28+IFERROR(VLOOKUP($K28,Listas!$H$2:$I$4,2,0),365)) | Q28: =IF($B28="","",IF($I28="No","NO APLICA",IF($P28="","SIN REGISTRO",IF($P28<TODAY(),"VENCIDO",IF($P28<=TODAY()+60,"POR VENCER","VIGENTE"))))) -> SIN REGISTRO | V28: Emission Room | W28: No
A29: C-027 | B29: Dynamometer | C29: =IF($B29="","",IFERROR(INDEX(Equipos!$C$3:$C$202,MATCH($B29,Equipos!$B$3:$B$202,0)),"")) -> Emisiones | D29: A&G | E29: Death Weight | F29: CDE4200-002 | I29: Sí | J29: Interna | K29: Anual | L29: Emissions Lab | M29: T-EMA | N29: En sitio | O29: 45717 | P29: =IF(OR($B29="",$I29="No",$O29=""),"",$O29+IFERROR(VLOOKUP($K29,Listas!$H$2:$I$4,2,0),365)) -> 46082 | Q29: =IF($B29="","",IF($I29="No","NO APLICA",IF($P29="","SIN REGISTRO",IF($P29<TODAY(),"VENCIDO",IF($P29<=TODAY()+60,"POR VENCER","VIGENTE"))))) -> VENCIDO | V29: Emission Room | W29: Sí
A30: C-028 | B30: Dynamometer | C30: =IF($B30="","",IFERROR(INDEX(Equipos!$C$3:$C$202,MATCH($B30,Equipos!$B$3:$B$202,0)),"")) -> Emisiones | D30: A&G | E30: Roller diameter | F30: CDE 4200-002 Front | H30: OT-0032 | I30: Sí | J30: Externa | K30: Anual | L30: CIDESI | M30: EMA | N30: En sitio | O30: 45937 | P30: =IF(OR($B30="",$I30="No",$O30=""),"",$O30+IFERROR(VLOOKUP($K30,Listas!$H$2:$I$4,2,0),365)) -> 46302 | Q30: =IF($B30="","",IF($I30="No","NO APLICA",IF($P30="","SIN REGISTRO",IF($P30<TODAY(),"VENCIDO",IF($P30<=TODAY()+60,"POR VENCER","VIGENTE"))))) -> VIGENTE | V30: Emission Room Dyno | W30: Sí
A31: C-029 | B31: Dynamometer | C31: =IF($B31="","",IFERROR(INDEX(Equipos!$C$3:$C$202,MATCH($B31,Equipos!$B$3:$B$202,0)),"")) -> Emisiones | D31: A&G | E31: Roller diameter | F31: CDE 4200-002 Rear | I31: Sí | J31: Externa | K31: Anual | L31: CIDESI | M31: EMA | N31: En sitio | O31: 45937 | P31: =IF(OR($B31="",$I31="No",$O31=""),"",$O31+IFERROR(VLOOKUP($K31,Listas!$H$2:$I$4,2,0),365)) -> 46302 | Q31: =IF($B31="","",IF($I31="No","NO APLICA",IF($P31="","SIN REGISTRO",IF($P31<TODAY(),"VENCIDO",IF($P31<=TODAY()+60,"POR VENCER","VIGENTE"))))) -> VIGENTE | V31: Emission Room Dyno
A32: C-030 | B32: Dynamometer | C32: =IF($B32="","",IFERROR(INDEX(Equipos!$C$3:$C$202,MATCH($B32,Equipos!$B$3:$B$202,0)),"")) -> Emisiones | D32: A&G | E32: Arm | F32: CDE4200-002 | I32: Sí | J32: Externa | K32: Anual | L32: CIDESI | M32: EMA | N32: En sitio | O32: 45937 | P32: =IF(OR($B32="",$I32="No",$O32=""),"",$O32+IFERROR(VLOOKUP($K32,Listas!$H$2:$I$4,2,0),365)) -> 46302 | Q32: =IF($B32="","",IF($I32="No","NO APLICA",IF($P32="","SIN REGISTRO",IF($P32<TODAY(),"VENCIDO",IF($P32<=TODAY()+60,"POR VENCER","VIGENTE"))))) -> VIGENTE | V32: Emission Room | W32: Sí
A33: C-031 | B33: Dynamometer | C33: =IF($B33="","",IFERROR(INDEX(Equipos!$C$3:$C$202,MATCH($B33,Equipos!$B$3:$B$202,0)),"")) -> Emisiones | D33: A&G | E33: Mass 1 | G33: 1 | H33: WE-0016-01 | I33: Sí | J33: Externa | K33: Anual | L33: CIDESI | M33: EMA | N33: Externo Nacional | O33: 45918 | P33: =IF(OR($B33="",$I33="No",$O33=""),"",$O33+IFERROR(VLOOKUP($K33,Listas!$H$2:$I$4,2,0),365)) -> 46283 | Q33: =IF($B33="","",IF($I33="No","NO APLICA",IF($P33="","SIN REGISTRO",IF($P33<TODAY(),"VENCIDO",IF($P33<=TODAY()+60,"POR VENCER","VIGENTE"))))) -> VIGENTE | S33: 22.8kg 50 lb | T33: 22.8kg | U33: +0.01g | V33: Emission Room | W33: Sí
A34: C-032 | B34: Dynamometer | C34: =IF($B34="","",IFERROR(INDEX(Equipos!$C$3:$C$202,MATCH($B34,Equipos!$B$3:$B$202,0)),"")) -> Emisiones | D34: A&G | E34: Mass 2 | G34: 2 | H34: WE-0016-02 | I34: Sí | J34: Externa | K34: Anual | L34: CIDESI | M34: EMA | N34: Externo Nacional | O34: 45918 | P34: =IF(OR($B34="",$I34="No",$O34=""),"",$O34+IFERROR(VLOOKUP($K34,Listas!$H$2:$I$4,2,0),365)) -> 46283 | Q34: =IF($B34="","",IF($I34="No","NO APLICA",IF($P34="","SIN REGISTRO",IF($P34<TODAY(),"VENCIDO",IF($P34<=TODAY()+60,"POR VENCER","VIGENTE"))))) -> VIGENTE | S34: 22.8kg 50 lb | T34: 22.8kg | U34: +0.01g | V34: Emission Room | W34: Sí
A35: C-033 | B35: Dynamometer | C35: =IF($B35="","",IFERROR(INDEX(Equipos!$C$3:$C$202,MATCH($B35,Equipos!$B$3:$B$202,0)),"")) -> Emisiones | D35: A&G | E35: Mass 3 | G35: 3 | H35: WE-0016-03 | I35: Sí | J35: Externa | K35: Anual | L35: CIDESI | M35: EMA | N35: Externo Nacional | O35: 45918 | P35: =IF(OR($B35="",$I35="No",$O35=""),"",$O35+IFERROR(VLOOKUP($K35,Listas!$H$2:$I$4,2,0),365)) -> 46283 | Q35: =IF($B35="","",IF($I35="No","NO APLICA",IF($P35="","SIN REGISTRO",IF($P35<TODAY(),"VENCIDO",IF($P35<=TODAY()+60,"POR VENCER","VIGENTE"))))) -> VIGENTE | S35: 22.8kg 50 lb | T35: 22.8kg | U35: +0.01g | V35: Emission Room | W35: Sí
A36: C-034 | B36: Dynamometer | C36: =IF($B36="","",IFERROR(INDEX(Equipos!$C$3:$C$202,MATCH($B36,Equipos!$B$3:$B$202,0)),"")) -> Emisiones | D36: A&G | E36: Mass 4 | G36: 4 | H36: WE-0016-04 | I36: Sí | J36: Externa | K36: Anual | L36: CIDESI | M36: EMA | N36: Externo Nacional | O36: 45918 | P36: =IF(OR($B36="",$I36="No",$O36=""),"",$O36+IFERROR(VLOOKUP($K36,Listas!$H$2:$I$4,2,0),365)) -> 46283 | Q36: =IF($B36="","",IF($I36="No","NO APLICA",IF($P36="","SIN REGISTRO",IF($P36<TODAY(),"VENCIDO",IF($P36<=TODAY()+60,"POR VENCER","VIGENTE"))))) -> VIGENTE | S36: 22.8kg 50 lb | T36: 22.8kg | U36: +0.01g | V36: Emission Room | W36: Sí
A37: C-035 | B37: Dynamometer | C37: =IF($B37="","",IFERROR(INDEX(Equipos!$C$3:$C$202,MATCH($B37,Equipos!$B$3:$B$202,0)),"")) -> Emisiones | D37: A&G | E37: Mass 5 | G37: 5 | H37: WE-0016-05 | I37: Sí | J37: Externa | K37: Anual | L37: CIDESI | M37: EMA | N37: Externo Nacional | O37: 45918 | P37: =IF(OR($B37="",$I37="No",$O37=""),"",$O37+IFERROR(VLOOKUP($K37,Listas!$H$2:$I$4,2,0),365)) -> 46283 | Q37: =IF($B37="","",IF($I37="No","NO APLICA",IF($P37="","SIN REGISTRO",IF($P37<TODAY(),"VENCIDO",IF($P37<=TODAY()+60,"POR VENCER","VIGENTE"))))) -> VIGENTE | S37: 22.8kg 50 lb | T37: 22.8kg | U37: +0.01g | V37: Emission Room | W37: Sí
A38: C-036 | B38: Dynamometer | C38: =IF($B38="","",IFERROR(INDEX(Equipos!$C$3:$C$202,MATCH($B38,Equipos!$B$3:$B$202,0)),"")) -> Emisiones | D38: A&G | E38: Mass 6 | G38: 6 | H38: WE-0016-06 | I38: Sí | J38: Externa | K38: Anual | L38: CIDESI | M38: EMA | N38: Externo Nacional | O38: 45918 | P38: =IF(OR($B38="",$I38="No",$O38=""),"",$O38+IFERROR(VLOOKUP($K38,Listas!$H$2:$I$4,2,0),365)) -> 46283 | Q38: =IF($B38="","",IF($I38="No","NO APLICA",IF($P38="","SIN REGISTRO",IF($P38<TODAY(),"VENCIDO",IF($P38<=TODAY()+60,"POR VENCER","VIGENTE"))))) -> VIGENTE | S38: 22.8kg 50 lb | T38: 22.8kg | U38: +0.01g | V38: Emission Room | W38: Sí
A39: C-037 | B39: Dynamometer | C39: =IF($B39="","",IFERROR(INDEX(Equipos!$C$3:$C$202,MATCH($B39,Equipos!$B$3:$B$202,0)),"")) -> Emisiones | D39: A&G | E39: Mass 7 | G39: 7 | H39: WE-0016-07 | I39: Sí | J39: Externa | K39: Anual | L39: CIDESI | M39: EMA | N39: Externo Nacional | O39: 45918 | P39: =IF(OR($B39="",$I39="No",$O39=""),"",$O39+IFERROR(VLOOKUP($K39,Listas!$H$2:$I$4,2,0),365)) -> 46283 | Q39: =IF($B39="","",IF($I39="No","NO APLICA",IF($P39="","SIN REGISTRO",IF($P39<TODAY(),"VENCIDO",IF($P39<=TODAY()+60,"POR VENCER","VIGENTE"))))) -> VIGENTE | S39: 22.8kg 50 lb | T39: 22.8kg | U39: +0.01g | V39: Emission Room | W39: Sí
A40: C-038 | B40: Dynamometer | C40: =IF($B40="","",IFERROR(INDEX(Equipos!$C$3:$C$202,MATCH($B40,Equipos!$B$3:$B$202,0)),"")) -> Emisiones | D40: A&G | E40: Mass 8 | G40: 8 | H40: WE-0016-08 | I40: Sí | J40: Externa | K40: Anual | L40: CIDESI | M40: EMA | N40: Externo Nacional | O40: 45918 | P40: =IF(OR($B40="",$I40="No",$O40=""),"",$O40+IFERROR(VLOOKUP($K40,Listas!$H$2:$I$4,2,0),365)) -> 46283 | Q40: =IF($B40="","",IF($I40="No","NO APLICA",IF($P40="","SIN REGISTRO",IF($P40<TODAY(),"VENCIDO",IF($P40<=TODAY()+60,"POR VENCER","VIGENTE"))))) -> VIGENTE | S40: 22.8kg 50 lb | T40: 22.8kg | U40: +0.01g | V40: Emission Room | W40: Sí
A41: C-039 | B41: Dynamometer | C41: =IF($B41="","",IFERROR(INDEX(Equipos!$C$3:$C$202,MATCH($B41,Equipos!$B$3:$B$202,0)),"")) -> Emisiones | D41: A&G | E41: Mass 9 | G41: 9 | H41: WE-0016-09 | I41: Sí | J41: Externa | K41: Anual | L41: CIDESI | M41: EMA | N41: Externo Nacional | O41: 45918 | P41: =IF(OR($B41="",$I41="No",$O41=""),"",$O41+IFERROR(VLOOKUP($K41,Listas!$H$2:$I$4,2,0),365)) -> 46283 | Q41: =IF($B41="","",IF($I41="No","NO APLICA",IF($P41="","SIN REGISTRO",IF($P41<TODAY(),"VENCIDO",IF($P41<=TODAY()+60,"POR VENCER","VIGENTE"))))) -> VIGENTE | S41: 22.8kg 50 lb | T41: 22.8kg | U41: +0.01g | V41: Emission Room | W41: Sí
A42: C-040 | B42: Dynamometer | C42: =IF($B42="","",IFERROR(INDEX(Equipos!$C$3:$C$202,MATCH($B42,Equipos!$B$3:$B$202,0)),"")) -> Emisiones | D42: A&G | E42: Mass 10 | G42: 10 | H42: WE-0016-10 | I42: Sí | J42: Externa | K42: Anual | L42: CIDESI | M42: EMA | N42: Externo Nacional | O42: 45918 | P42: =IF(OR($B42="",$I42="No",$O42=""),"",$O42+IFERROR(VLOOKUP($K42,Listas!$H$2:$I$4,2,0),365)) -> 46283 | Q42: =IF($B42="","",IF($I42="No","NO APLICA",IF($P42="","SIN REGISTRO",IF($P42<TODAY(),"VENCIDO",IF($P42<=TODAY()+60,"POR VENCER","VIGENTE"))))) -> VIGENTE | S42: 22.8kg 50 lb | T42: 22.8kg | U42: +0.01g | V42: Emission Room | W42: Sí
A43: C-041 | B43: Dynamometer | C43: =IF($B43="","",IFERROR(INDEX(Equipos!$C$3:$C$202,MATCH($B43,Equipos!$B$3:$B$202,0)),"")) -> Emisiones | D43: A&G | E43: D center to load cell | F43: CDE 4200-002 Front | I43: Sí | J43: Externa | K43: Anual | L43: CIDESI | M43: EMA | N43: Externo Nacional | O43: 45937 | P43: =IF(OR($B43="",$I43="No",$O43=""),"",$O43+IFERROR(VLOOKUP($K43,Listas!$H$2:$I$4,2,0),365)) -> 46302 | Q43: =IF($B43="","",IF($I43="No","NO APLICA",IF($P43="","SIN REGISTRO",IF($P43<TODAY(),"VENCIDO",IF($P43<=TODAY()+60,"POR VENCER","VIGENTE"))))) -> VIGENTE | V43: Emission Room | W43: Sí
A44: C-042 | B44: Dynamometer | C44: =IF($B44="","",IFERROR(INDEX(Equipos!$C$3:$C$202,MATCH($B44,Equipos!$B$3:$B$202,0)),"")) -> Emisiones | D44: A&G | E44: D center to load cell | F44: CDE 4200-002 Rear | I44: Sí | J44: Externa | K44: Anual | L44: CIDESI | M44: EMA | N44: Externo Nacional | O44: 45937 | P44: =IF(OR($B44="",$I44="No",$O44=""),"",$O44+IFERROR(VLOOKUP($K44,Listas!$H$2:$I$4,2,0),365)) -> 46302 | Q44: =IF($B44="","",IF($I44="No","NO APLICA",IF($P44="","SIN REGISTRO",IF($P44<TODAY(),"VENCIDO",IF($P44<=TODAY()+60,"POR VENCER","VIGENTE"))))) -> VIGENTE | V44: Emission Room | W44: Sí
A45: C-043 | B45: Dynamometer | C45: =IF($B45="","",IFERROR(INDEX(Equipos!$C$3:$C$202,MATCH($B45,Equipos!$B$3:$B$202,0)),"")) -> Emisiones | D45: A&G | E45: Angular speed | F45: CDE 4200-002 Front | H45: OT-0037 | I45: Sí | J45: Externa | K45: Anual | L45: CIDESI | M45: EMA | N45: Externo Nacional | O45: 45937 | P45: =IF(OR($B45="",$I45="No",$O45=""),"",$O45+IFERROR(VLOOKUP($K45,Listas!$H$2:$I$4,2,0),365)) -> 46302 | Q45: =IF($B45="","",IF($I45="No","NO APLICA",IF($P45="","SIN REGISTRO",IF($P45<TODAY(),"VENCIDO",IF($P45<=TODAY()+60,"POR VENCER","VIGENTE"))))) -> VIGENTE | V45: Emission Room | W45: Sí
A46: C-044 | B46: Dynamometer | C46: =IF($B46="","",IFERROR(INDEX(Equipos!$C$3:$C$202,MATCH($B46,Equipos!$B$3:$B$202,0)),"")) -> Emisiones | D46: A&G | E46: Angular speed | F46: CDE 4200-002 Rear | I46: Sí | J46: Externa | K46: Anual | L46: CIDESI | M46: EMA | N46: Externo Nacional | O46: 45937 | P46: =IF(OR($B46="",$I46="No",$O46=""),"",$O46+IFERROR(VLOOKUP($K46,Listas!$H$2:$I$4,2,0),365)) -> 46302 | Q46: =IF($B46="","",IF($I46="No","NO APLICA",IF($P46="","SIN REGISTRO",IF($P46<TODAY(),"VENCIDO",IF($P46<=TODAY()+60,"POR VENCER","VIGENTE"))))) -> VIGENTE | V46: Emission Room | W46: Sí
A47: C-045 | B47: Dynamometer | C47: =IF($B47="","",IFERROR(INDEX(Equipos!$C$3:$C$202,MATCH($B47,Equipos!$B$3:$B$202,0)),"")) -> Emisiones | D47: A&G | E47: Torque | F47: CDE 4200-002 Front | I47: Sí | J47: Externa | K47: Anual | L47: CIDESI | M47: EMA | N47: Externo Nacional | O47: 45937 | P47: =IF(OR($B47="",$I47="No",$O47=""),"",$O47+IFERROR(VLOOKUP($K47,Listas!$H$2:$I$4,2,0),365)) -> 46302 | Q47: =IF($B47="","",IF($I47="No","NO APLICA",IF($P47="","SIN REGISTRO",IF($P47<TODAY(),"VENCIDO",IF($P47<=TODAY()+60,"POR VENCER","VIGENTE"))))) -> VIGENTE | V47: Emission Room | W47: Sí
A48: C-046 | B48: Dynamometer | C48: =IF($B48="","",IFERROR(INDEX(Equipos!$C$3:$C$202,MATCH($B48,Equipos!$B$3:$B$202,0)),"")) -> Emisiones | D48: A&G | E48: Torque | F48: CDE 4200-002 Rear | I48: Sí | J48: Externa | K48: Anual | L48: CIDESI | M48: EMA | N48: Externo Nacional | O48: 45937 | P48: =IF(OR($B48="",$I48="No",$O48=""),"",$O48+IFERROR(VLOOKUP($K48,Listas!$H$2:$I$4,2,0),365)) -> 46302 | Q48: =IF($B48="","",IF($I48="No","NO APLICA",IF($P48="","SIN REGISTRO",IF($P48<TODAY(),"VENCIDO",IF($P48<=TODAY()+60,"POR VENCER","VIGENTE"))))) -> VIGENTE | V48: Emission Room | W48: Sí
